rho,target_mbit,repeat,min_ms,mean_ms,p50_ms,p95_ms,p99_ms,max_ms,loss_pct
0.30,30.000,1,0.0316,0.0829,0.0505,0.1139,0.9257,3.9533,0.0000
0.30,30.000,2,0.0339,0.1023,0.0611,0.2821,1.0239,3.8584,0.0000
0.30,30.000,3,0.0279,0.2105,0.0538,0.9410,2.3804,5.4682,0.0000
0.40,40.000,1,0.0284,0.2686,0.0641,1.0961,3.6010,7.4706,0.0000
0.40,40.000,2,0.0326,0.0856,0.0450,0.2411,1.0394,5.3640,0.0000
0.40,40.000,3,0.0295,0.4248,0.1742,1.4643,2.0438,6.3349,0.0000
0.50,50.000,1,0.0273,0.3149,0.0719,1.3435,2.5140,6.7088,0.0000
0.50,50.000,2,0.0275,0.2084,0.0448,0.8700,3.2544,7.2105,0.0000
0.50,50.000,3,0.0281,0.1604,0.0459,0.5256,2.1704,5.4871,0.0000
0.55,55.000,1,0.0293,0.2477,0.0644,0.8961,3.8404,5.3672,0.0000
0.55,55.000,2,0.0295,0.3618,0.1285,1.4939,4.1531,8.5306,0.0000
0.55,55.000,3,0.0277,0.1552,0.0464,0.4125,1.6103,4.0996,0.0000
0.60,60.000,1,0.0291,0.2988,0.0850,1.4223,3.5570,5.6877,0.0000
0.60,60.000,2,0.0275,0.2457,0.0550,1.1104,2.6700,5.9326,0.0000
0.60,60.000,3,0.0279,0.2884,0.0726,1.3839,2.9232,5.5113,0.0000
0.65,65.000,1,0.0286,0.2396,0.0487,1.1018,2.5864,6.0227,0.0000
0.65,65.000,2,0.0278,0.5530,0.2187,2.4001,4.3805,6.9262,0.0000
0.65,65.000,3,0.0277,0.3036,0.0662,1.5064,3.0168,7.4182,0.0000
0.70,70.000,1,0.0301,0.3594,0.1222,1.8792,3.1139,8.7670,0.0000
0.70,70.000,2,0.0296,0.5838,0.1590,2.4728,3.6893,6.7156,0.0000
0.70,70.000,3,0.0279,0.6012,0.2246,2.7233,3.9790,6.8885,0.0000
0.75,75.000,1,0.0289,0.5262,0.2264,2.5578,4.5024,7.4805,0.0000
0.75,75.000,2,0.0283,0.4509,0.1620,2.2551,3.2528,6.4037,0.0000
0.75,75.000,3,0.0285,0.2903,0.1207,0.6198,2.6009,7.5240,0.0000
0.80,80.000,1,0.0280,0.4467,0.2016,2.1192,3.8624,9.0658,0.0000
0.80,80.000,2,0.0279,0.6291,0.2989,2.7553,4.7088,7.6609,0.0000
0.80,80.000,3,0.0302,0.7999,0.2335,3.1690,4.6577,7.7159,0.0000
0.84,84.000,1,0.0284,0.7126,0.3405,2.9827,4.4860,10.8098,0.0000
0.84,84.000,2,0.0291,0.7566,0.3979,3.1939,4.1068,5.9618,0.0000
0.84,84.000,3,0.0289,0.8994,0.4104,3.3854,4.9710,8.0044,0.0000
0.88,88.000,1,0.0305,0.9267,0.4572,3.4348,4.8714,8.5147,0.0000
0.88,88.000,2,0.0299,1.1876,0.6005,3.7663,5.7014,8.7471,0.0000
0.88,88.000,3,0.0303,1.6363,1.2493,4.1698,5.6778,7.8748,0.0000
0.90,90.000,1,0.0316,1.2192,0.7013,3.5236,4.6768,7.6080,0.0000
0.90,90.000,2,0.0290,0.5713,0.3613,2.5419,4.0603,7.8630,0.0000
0.90,90.000,3,0.0311,1.4501,1.0048,3.7121,5.3219,8.0404,0.0000
0.92,92.000,1,0.0301,1.2138,0.6032,3.8088,5.5157,9.3728,0.0000
0.92,92.000,2,0.0303,1.5352,1.1263,4.0509,4.8703,12.0319,0.0000
0.92,92.000,3,0.0295,1.8965,1.5833,4.6102,6.1247,8.4946,0.0000
0.94,94.000,1,0.0303,2.3287,2.4089,4.9877,7.5015,9.5915,0.0000
0.94,94.000,2,0.0296,1.1290,0.5858,3.9788,4.9376,8.2561,0.0000
0.94,94.000,3,0.0293,1.1884,0.6048,3.7936,4.6137,9.0112,0.0000
0.96,96.000,1,0.0297,1.6459,0.7078,5.5781,7.4028,13.3990,0.0000
0.96,96.000,2,0.0302,3.4184,3.6786,6.7425,8.2190,11.1709,0.0000
0.96,96.000,3,0.0302,2.1755,1.6017,5.0135,7.1374,9.3391,0.0000
0.98,98.000,1,2.9053,7.2469,7.1695,9.4295,11.6880,14.1686,0.0000
0.98,98.000,2,2.9769,7.2905,7.1714,9.6298,11.8897,14.1473,0.0000
0.98,98.000,3,2.4518,7.3004,7.2178,9.6091,12.0196,14.6493,0.0000
