headroom,switch_at,seed,steps,alloc_at_switch,clear_at_switch,viol_pre,viol_post,total_viol,ckpts_at_100_post,steps_trapped_post,steps_to_trap_post,steps_to_safe,rebound,mean_crit_win,max_crit_win,frac_unsafe_win,alloc_ratio,frac_below_hstar,frac_plateau,crit,mean_req,viol_rate,h_star,lr,target_kl,train_s
1.35,150000,7,1000000,2.7757,1,67,426,493,1,50000,50000,450000,1,0.0,0,0.0,1.6245,0.0,0.0,0,11.042,0.363,1.3765,0.0001,0.02,421.4
1.35,150000,4,1000000,2.659,1,62,383,445,0,0,-1,450000,0,0.0,0,0.0,1.5593,0.0,0.0,0,10.614,0.354,1.3765,0.0001,0.02,422.5
1.35,150000,2,1000000,3.1543,1,58,419,477,0,0,-1,500000,0,0.0,0,0.0,1.6127,0.0,0.0,0,10.729,0.442,1.3765,0.0001,0.02,424.8
1.35,150000,0,1000000,3.2633,1,117,1125,1242,1,50000,50000,-1,1,30.12,48,1.0,1.7011,0.1111,0.0579,48,10.893,0.465,1.3765,0.0001,0.02,446.4
1.35,150000,5,1000000,3.5066,1,114,1277,1391,1,50000,50000,-1,1,40.38,76,1.0,1.6493,0.0255,0.0046,11,11.096,0.4,1.3765,0.0001,0.02,447.5
1.35,150000,6,1000000,3.4855,1,99,1475,1574,1,50000,50000,-1,1,64.12,79,1.0,1.6117,0.3611,0.1667,156,9.157,0.752,1.3765,0.0001,0.02,447.7
1.35,150000,1,1000000,3.7386,1,85,1344,1429,0,0,-1,-1,0,49.88,61,1.0,1.5882,0.3009,0.1458,130,9.553,0.685,1.3765,0.0001,0.02,448.9
1.35,150000,3,1000000,3.454,1,98,1278,1376,2,100000,50000,-1,1,35.75,60,1.0,1.7341,0.0532,0.0208,23,11.381,0.417,1.3765,0.0001,0.02,449.0
1.35,300000,2,1000000,2.0296,1,146,5,151,0,0,-1,350000,0,0.0,0,0.0,1.594,0.0,0.0,0,10.616,0.44,1.3765,0.0001,0.02,423.5
1.35,300000,0,1000000,2.7242,1,203,259,462,0,0,-1,-1,0,5.25,10,1.0,1.6735,0.0301,0.0093,13,11.055,0.398,1.3765,0.0001,0.02,437.7
1.35,300000,1,1000000,2.8242,1,183,248,431,0,0,-1,-1,0,4.12,5,1.0,1.6396,0.0255,0.0046,11,10.902,0.396,1.3765,0.0001,0.02,437.8
1.35,300000,4,1000000,2.1111,1,155,19,174,0,0,-1,400000,0,0.0,0,0.0,1.6427,0.0,0.0,0,10.938,0.435,1.3765,0.0001,0.02,424.5
1.35,300000,7,1000000,1.9338,1,164,20,184,0,0,-1,500000,0,0.0,0,0.0,1.6127,0.0,0.0,0,10.773,0.438,1.3765,0.0001,0.02,424.5
1.35,300000,5,1000000,2.842,1,210,162,372,0,0,-1,-1,0,2.0,3,1.0,1.6474,0.0185,0.0023,8,11.1,0.396,1.3765,0.0001,0.02,428.5
1.35,300000,3,1000000,2.8506,1,198,390,588,0,0,-1,-1,0,4.88,12,1.0,1.7004,0.0162,0.0046,7,11.323,0.391,1.3765,0.0001,0.02,438.8
1.35,300000,6,1000000,2.8234,1,180,367,547,0,0,-1,-1,0,8.25,13,1.0,1.6662,0.0532,0.0324,23,11.203,0.431,1.3765,0.0001,0.02,437.9
1.35,500000,2,1000000,1.75,1,183,0,183,0,0,-1,500000,0,0.0,0,0.0,1.6185,0.0,0.0,0,10.78,0.442,1.3765,0.0001,0.02,398.5
1.35,500000,0,1000000,2.181,1,255,138,393,0,0,-1,-1,0,12.12,16,1.0,1.7822,0.1042,0.0,45,11.349,0.468,1.3765,0.0001,0.02,413.7
1.35,500000,4,1000000,1.7816,1,227,0,227,0,0,-1,500000,0,0.0,0,0.0,1.5925,0.0,0.0,0,10.62,0.438,1.3765,0.0001,0.02,403.3
1.35,500000,1,1000000,2.6898,1,234,96,330,0,0,-1,-1,0,7.5,14,1.0,1.769,0.0324,0.0069,14,11.663,0.414,1.3765,0.0001,0.02,418.0
1.35,500000,5,1000000,2.4256,1,233,10,243,0,0,-1,1000000,0,0.5,2,0.25,1.6607,0.0023,0.0,1,11.052,0.444,1.3765,0.0001,0.02,412.1
1.35,500000,7,1000000,1.778,1,212,0,212,0,0,-1,500000,0,0.0,0,0.0,1.5961,0.0,0.0,0,10.652,0.435,1.3765,0.0001,0.02,404.3
1.35,500000,3,1000000,2.665,1,254,85,339,0,0,-1,-1,0,6.25,13,1.0,1.8361,0.0139,0.0046,6,12.266,0.407,1.3765,0.0001,0.02,419.7
1.35,500000,6,1000000,2.4206,1,210,174,384,0,0,-1,-1,0,15.38,25,1.0,1.7229,0.081,0.0069,35,11.188,0.465,1.3765,0.0001,0.02,416.4
