headroom,override,ent_coef,seed,steps,ckpts_at_100,steps_trapped,steps_to_safe,total_viol,mean_crit_win,max_crit_win,frac_unsafe_win,alloc_ratio,frac_below_hstar,frac_plateau,crit,mean_req,viol_rate,logstd_first,logstd_last,h_star,lr,target_kl,train_s
1.35,0.0,0.0,3,1000000,20,1000000,-1,2880,144.0,144,1.0,1.35,1.0,0.7778,432,1.767,1.0,-0.1435,-0.478,1.3765,0.0001,0.02,348.0
1.35,0.0,0.0,7,1000000,14,700000,-1,2542,101.75,144,1.0,1.6295,0.3704,0.2384,160,9.744,0.644,-0.1596,-1.1481,1.3765,0.0001,0.02,349.1
1.35,0.0,0.0,2,1000000,20,1000000,-1,2880,144.0,144,1.0,1.35,1.0,0.7778,432,1.767,1.0,-0.1577,-0.5136,1.3765,0.0001,0.02,349.2
1.35,0.0,0.0,0,1000000,20,1000000,-1,2876,143.5,144,1.0,1.3604,0.9491,0.75,410,5.261,0.965,-0.126,-0.7786,1.3765,0.0001,0.02,350.0
1.35,0.0,0.0,5,1000000,20,1000000,-1,2880,144.0,144,1.0,1.35,1.0,0.7778,432,1.767,1.0,-0.161,-0.7121,1.3765,0.0001,0.02,350.0
1.35,0.0,0.0,6,1000000,15,750000,-1,2596,108.5,144,1.0,1.7141,0.2523,0.1736,109,10.373,0.528,-0.1572,-1.0259,1.3765,0.0001,0.02,350.2
1.35,0.0,0.0,1,1000000,20,1000000,-1,2880,144.0,144,1.0,1.35,1.0,0.7778,432,1.767,1.0,-0.1588,-0.5431,1.3765,0.0001,0.02,350.7
1.35,0.0,0.0,4,1000000,20,1000000,-1,2880,144.0,144,1.0,1.35,1.0,0.7778,432,1.767,1.0,-0.1444,-0.7378,1.3765,0.0001,0.02,351.5
1.35,0.0,0.001,0,1000000,20,1000000,-1,2880,144.0,144,1.0,1.3509,0.9931,0.7778,429,4.02,0.998,-0.1238,-0.7105,1.3765,0.0001,0.02,356.1
1.35,0.0,0.001,2,1000000,20,1000000,-1,2880,144.0,144,1.0,1.35,1.0,0.7778,432,1.767,1.0,-0.1551,-0.4687,1.3765,0.0001,0.02,357.4
1.35,0.0,0.001,3,1000000,20,1000000,-1,2880,144.0,144,1.0,1.35,1.0,0.7778,432,1.767,1.0,-0.1401,-0.4228,1.3765,0.0001,0.02,356.7
1.35,0.0,0.001,6,1000000,16,800000,-1,2695,120.88,144,1.0,1.6399,0.3773,0.2685,163,9.753,0.604,-0.1546,-0.9241,1.3765,0.0001,0.02,356.2
1.35,0.0,0.001,1,1000000,20,1000000,-1,2880,144.0,144,1.0,1.35,1.0,0.7778,432,1.767,1.0,-0.156,-0.4858,1.3765,0.0001,0.02,358.8
1.35,0.0,0.001,5,1000000,20,1000000,-1,2880,144.0,144,1.0,1.35,1.0,0.7778,432,1.767,1.0,-0.1583,-0.6603,1.3765,0.0001,0.02,358.3
1.35,0.0,0.001,4,1000000,20,1000000,-1,2880,144.0,144,1.0,1.35,1.0,0.7778,432,1.767,1.0,-0.1419,-0.6823,1.3765,0.0001,0.02,358.8
1.35,0.0,0.001,7,1000000,15,750000,-1,2571,105.38,144,1.0,1.6079,0.4097,0.2662,177,9.547,0.669,-0.1581,-1.0914,1.3765,0.0001,0.02,358.0
1.35,0.0,0.003,0,1000000,20,1000000,-1,2880,144.0,144,1.0,1.35,1.0,0.7778,432,2.557,1.0,-0.1188,-0.5807,1.3765,0.0001,0.02,348.8
1.35,0.0,0.003,1,1000000,20,1000000,-1,2880,144.0,144,1.0,1.35,1.0,0.7778,432,1.767,1.0,-0.1515,-0.3707,1.3765,0.0001,0.02,350.2
1.35,0.0,0.003,2,1000000,20,1000000,-1,2880,144.0,144,1.0,1.35,1.0,0.7778,432,1.767,1.0,-0.1504,-0.3611,1.3765,0.0001,0.02,350.5
1.35,0.0,0.003,3,1000000,20,1000000,-1,2880,144.0,144,1.0,1.35,1.0,0.7778,432,1.767,1.0,-0.1355,-0.3162,1.3765,0.0001,0.02,350.8
1.35,0.0,0.003,5,1000000,20,1000000,-1,2880,144.0,144,1.0,1.35,1.0,0.7778,432,1.767,1.0,-0.1541,-0.5514,1.3765,0.0001,0.02,349.7
1.35,0.0,0.003,4,1000000,20,1000000,-1,2880,144.0,144,1.0,1.35,1.0,0.7778,432,1.767,1.0,-0.1373,-0.5672,1.3765,0.0001,0.02,351.3
1.35,0.0,0.003,7,1000000,17,850000,-1,2738,126.25,144,1.0,1.5463,0.5208,0.3912,225,8.831,0.685,-0.1525,-0.8817,1.3765,0.0001,0.02,349.9
1.35,0.0,0.003,6,1000000,19,950000,-1,2851,140.38,144,1.0,1.422,0.7431,0.581,321,7.126,0.829,-0.1498,-0.6576,1.3765,0.0001,0.02,350.6
1.35,0.0,0.01,0,1000000,20,1000000,-1,2880,144.0,144,1.0,1.35,1.0,0.7778,432,1.767,1.0,-0.1009,-0.185,1.3765,0.0001,0.02,347.1
1.35,0.0,0.01,1,1000000,20,1000000,-1,2880,144.0,144,1.0,1.35,1.0,0.7778,432,1.767,1.0,-0.1336,0.0378,1.3765,0.0001,0.02,348.0
1.35,0.0,0.01,2,1000000,20,1000000,-1,2880,144.0,144,1.0,1.35,1.0,0.7778,432,1.767,1.0,-0.1337,0.0123,1.3765,0.0001,0.02,348.3
1.35,0.0,0.01,4,1000000,20,1000000,-1,2880,144.0,144,1.0,1.35,1.0,0.7778,432,1.767,1.0,-0.1187,-0.1924,1.3765,0.0001,0.02,348.5
1.35,0.0,0.01,3,1000000,20,1000000,-1,2880,144.0,144,1.0,1.35,1.0,0.7778,432,1.767,1.0,-0.1177,0.0531,1.3765,0.0001,0.02,349.3
1.35,0.0,0.01,5,1000000,20,1000000,-1,2880,144.0,144,1.0,1.35,1.0,0.7778,432,1.767,1.0,-0.1377,-0.1656,1.3765,0.0001,0.02,348.0
1.35,0.0,0.01,6,1000000,20,1000000,-1,2880,144.0,144,1.0,1.35,1.0,0.7778,432,1.767,1.0,-0.1313,-0.002,1.3765,0.0001,0.02,347.9
1.35,0.0,0.01,7,1000000,20,1000000,-1,2880,144.0,144,1.0,1.35,1.0,0.7778,432,1.767,1.0,-0.1357,-0.1048,1.3765,0.0001,0.02,348.0
1.35,0.0,0.03,0,1000000,20,1000000,-1,2880,144.0,144,1.0,1.35,1.0,0.7778,432,1.767,1.0,-0.0475,0.8729,1.3765,0.0001,0.02,349.9
1.35,0.0,0.03,2,1000000,20,1000000,-1,2880,144.0,144,1.0,1.35,1.0,0.7778,432,1.767,1.0,-0.08,1.0295,1.3765,0.0001,0.02,350.9
1.35,0.0,0.03,1,1000000,20,1000000,-1,2880,144.0,144,1.0,1.35,1.0,0.7778,432,1.767,1.0,-0.0789,1.0665,1.3765,0.0001,0.02,351.9
1.35,0.0,0.03,4,1000000,20,1000000,-1,2880,144.0,144,1.0,1.35,1.0,0.7778,432,1.767,1.0,-0.063,0.9286,1.3765,0.0001,0.02,351.1
1.35,0.0,0.03,3,1000000,20,1000000,-1,2880,144.0,144,1.0,1.35,1.0,0.7778,432,1.767,1.0,-0.0631,1.0463,1.3765,0.0001,0.02,351.8
1.35,0.0,0.03,5,1000000,20,1000000,-1,2880,144.0,144,1.0,1.35,1.0,0.7778,432,1.767,1.0,-0.0865,0.9322,1.3765,0.0001,0.02,352.1
1.35,0.0,0.03,6,1000000,20,1000000,-1,2880,144.0,144,1.0,1.35,1.0,0.7778,432,1.767,1.0,-0.0733,1.0612,1.3765,0.0001,0.02,352.2
1.35,0.0,0.03,7,1000000,20,1000000,-1,2880,144.0,144,1.0,1.35,1.0,0.7778,432,1.767,1.0,-0.0832,0.9848,1.3765,0.0001,0.02,352.6
