headroom,seed,timestep,mean_req,alloc_ratio,frac_plateau,frac_below_hstar,crit,traffic,condition
1.35,6,50000,1.767,1.35,0.7917,1.0,144,milan-real,floor_only
1.35,6,100000,1.767,1.35,0.7917,1.0,144,milan-real,floor_only
1.35,6,150000,1.767,1.35,0.7917,1.0,144,milan-real,floor_only
1.35,6,200000,1.767,1.35,0.7917,1.0,144,milan-real,floor_only
1.35,6,250000,1.767,1.35,0.7917,1.0,144,milan-real,floor_only
1.35,6,300000,1.767,1.35,0.7917,1.0,144,milan-real,floor_only
1.35,6,350000,1.767,1.35,0.7917,1.0,144,milan-real,floor_only
1.35,6,400000,1.767,1.35,0.7917,1.0,144,milan-real,floor_only
1.35,6,450000,1.767,1.35,0.7917,1.0,144,milan-real,floor_only
1.35,6,500000,1.767,1.35,0.7917,1.0,144,milan-real,floor_only
1.35,6,550000,1.767,1.35,0.7917,1.0,144,milan-real,floor_only
1.35,6,600000,1.799,1.35,0.7917,1.0,144,milan-real,floor_only
1.35,6,650000,2.062,1.35,0.7917,1.0,144,milan-real,floor_only
1.35,6,700000,2.533,1.35,0.7917,1.0,144,milan-real,floor_only
1.35,6,750000,3.625,1.35,0.7986,1.0,144,milan-real,floor_only
1.35,6,800000,6.341,1.3652,0.7361,0.9236,133,milan-real,floor_only
1.35,6,850000,7.354,1.4024,0.6389,0.7778,112,milan-real,floor_only
1.35,6,900000,8.428,1.4661,0.5,0.5972,86,milan-real,floor_only
1.35,6,950000,9.009,1.5117,0.4028,0.5347,77,milan-real,floor_only
1.35,6,1000000,10.597,1.6807,0.1458,0.1944,28,milan-real,floor_only
1.35,5,50000,1.767,1.35,0.7917,1.0,144,milan-real,floor_only
1.35,5,100000,1.767,1.35,0.7917,1.0,144,milan-real,floor_only
1.35,5,150000,1.767,1.35,0.7917,1.0,144,milan-real,floor_only
1.35,5,200000,1.767,1.35,0.7917,1.0,144,milan-real,floor_only
1.35,5,250000,1.767,1.35,0.7917,1.0,144,milan-real,floor_only
1.35,5,300000,1.767,1.35,0.7917,1.0,144,milan-real,floor_only
1.35,5,350000,1.767,1.35,0.7917,1.0,144,milan-real,floor_only
1.35,5,400000,1.767,1.35,0.7917,1.0,144,milan-real,floor_only
1.35,5,450000,1.767,1.35,0.7917,1.0,144,milan-real,floor_only
1.35,5,500000,1.767,1.35,0.7917,1.0,144,milan-real,floor_only
1.35,5,550000,1.767,1.35,0.7917,1.0,144,milan-real,floor_only
1.35,5,600000,1.767,1.35,0.7917,1.0,144,milan-real,floor_only
1.35,5,650000,1.767,1.35,0.7917,1.0,144,milan-real,floor_only
1.35,5,700000,1.767,1.35,0.7917,1.0,144,milan-real,floor_only
1.35,5,750000,1.767,1.35,0.7917,1.0,144,milan-real,floor_only
1.35,5,800000,1.767,1.35,0.7917,1.0,144,milan-real,floor_only
1.35,5,850000,1.767,1.35,0.7917,1.0,144,milan-real,floor_only
1.35,5,900000,1.767,1.35,0.7917,1.0,144,milan-real,floor_only
1.35,5,950000,1.767,1.35,0.7917,1.0,144,milan-real,floor_only
1.35,5,1000000,1.767,1.35,0.7917,1.0,144,milan-real,floor_only
1.35,7,50000,1.767,1.35,0.7917,1.0,144,milan-real,floor_only
1.35,7,100000,1.767,1.35,0.7917,1.0,144,milan-real,floor_only
1.35,7,150000,1.767,1.35,0.7917,1.0,144,milan-real,floor_only
1.35,7,200000,1.767,1.35,0.7917,1.0,144,milan-real,floor_only
1.35,7,250000,1.767,1.35,0.7917,1.0,144,milan-real,floor_only
1.35,7,300000,1.767,1.35,0.7917,1.0,144,milan-real,floor_only
1.35,7,350000,1.767,1.35,0.7917,1.0,144,milan-real,floor_only
1.35,7,400000,1.767,1.35,0.7917,1.0,144,milan-real,floor_only
1.35,7,450000,1.767,1.35,0.7917,1.0,144,milan-real,floor_only
1.35,7,500000,1.767,1.35,0.7917,1.0,144,milan-real,floor_only
1.35,7,550000,1.767,1.35,0.7917,1.0,144,milan-real,floor_only
1.35,7,600000,2.019,1.35,0.7917,1.0,144,milan-real,floor_only
1.35,7,650000,3.072,1.35,0.7917,1.0,144,milan-real,floor_only
1.35,7,700000,4.339,1.35,0.7986,1.0,144,milan-real,floor_only
1.35,7,750000,5.578,1.3549,0.7639,0.9583,138,milan-real,floor_only
1.35,7,800000,7.691,1.4193,0.5764,0.7153,103,milan-real,floor_only
1.35,7,850000,7.984,1.4363,0.5556,0.6806,98,milan-real,floor_only
1.35,7,900000,8.878,1.5,0.4167,0.5347,77,milan-real,floor_only
1.35,7,950000,9.621,1.5659,0.2778,0.3958,57,milan-real,floor_only
1.35,7,1000000,9.82,1.5836,0.2431,0.3681,53,milan-real,floor_only
1.35,1,50000,1.767,1.35,0.7917,1.0,144,milan-real,floor_only
1.35,1,100000,1.767,1.35,0.7917,1.0,144,milan-real,floor_only
1.35,1,150000,1.767,1.35,0.7917,1.0,144,milan-real,floor_only
1.35,1,200000,1.767,1.35,0.7917,1.0,144,milan-real,floor_only
1.35,1,250000,1.767,1.35,0.7917,1.0,144,milan-real,floor_only
1.35,1,300000,1.767,1.35,0.7917,1.0,144,milan-real,floor_only
1.35,1,350000,1.767,1.35,0.7917,1.0,144,milan-real,floor_only
1.35,1,400000,1.767,1.35,0.7917,1.0,144,milan-real,floor_only
1.35,1,450000,1.767,1.35,0.7917,1.0,144,milan-real,floor_only
1.35,1,500000,1.767,1.35,0.7917,1.0,144,milan-real,floor_only
1.35,1,550000,1.767,1.35,0.7917,1.0,144,milan-real,floor_only
1.35,1,600000,1.767,1.35,0.7917,1.0,144,milan-real,floor_only
1.35,1,650000,1.767,1.35,0.7917,1.0,144,milan-real,floor_only
1.35,1,700000,1.767,1.35,0.7917,1.0,144,milan-real,floor_only
1.35,1,750000,1.767,1.35,0.7917,1.0,144,milan-real,floor_only
1.35,1,800000,1.767,1.35,0.7917,1.0,144,milan-real,floor_only
1.35,1,850000,1.767,1.35,0.7917,1.0,144,milan-real,floor_only
1.35,1,900000,1.767,1.35,0.7917,1.0,144,milan-real,floor_only
1.35,1,950000,1.767,1.35,0.7917,1.0,144,milan-real,floor_only
1.35,1,1000000,1.767,1.35,0.7917,1.0,144,milan-real,floor_only
1.35,4,50000,1.767,1.35,0.7917,1.0,144,milan-real,floor_only
1.35,4,100000,1.767,1.35,0.7917,1.0,144,milan-real,floor_only
1.35,4,150000,1.767,1.35,0.7917,1.0,144,milan-real,floor_only
1.35,4,200000,1.767,1.35,0.7917,1.0,144,milan-real,floor_only
1.35,4,250000,1.767,1.35,0.7917,1.0,144,milan-real,floor_only
1.35,4,300000,1.767,1.35,0.7917,1.0,144,milan-real,floor_only
1.35,4,350000,1.767,1.35,0.7917,1.0,144,milan-real,floor_only
1.35,4,400000,1.767,1.35,0.7917,1.0,144,milan-real,floor_only
1.35,4,450000,1.767,1.35,0.7917,1.0,144,milan-real,floor_only
1.35,4,500000,1.767,1.35,0.7917,1.0,144,milan-real,floor_only
1.35,4,550000,1.767,1.35,0.7917,1.0,144,milan-real,floor_only
1.35,4,600000,1.767,1.35,0.7917,1.0,144,milan-real,floor_only
1.35,4,650000,1.767,1.35,0.7917,1.0,144,milan-real,floor_only
1.35,4,700000,1.767,1.35,0.7917,1.0,144,milan-real,floor_only
1.35,4,750000,1.767,1.35,0.7917,1.0,144,milan-real,floor_only
1.35,4,800000,1.767,1.35,0.7917,1.0,144,milan-real,floor_only
1.35,4,850000,1.767,1.35,0.7917,1.0,144,milan-real,floor_only
1.35,4,900000,1.767,1.35,0.7917,1.0,144,milan-real,floor_only
1.35,4,950000,1.767,1.35,0.7917,1.0,144,milan-real,floor_only
1.35,4,1000000,1.767,1.35,0.7917,1.0,144,milan-real,floor_only
1.35,0,50000,1.767,1.35,0.7917,1.0,144,milan-real,floor_only
1.35,0,100000,1.767,1.35,0.7917,1.0,144,milan-real,floor_only
1.35,0,150000,1.767,1.35,0.7917,1.0,144,milan-real,floor_only
1.35,0,200000,1.767,1.35,0.7917,1.0,144,milan-real,floor_only
1.35,0,250000,1.767,1.35,0.7917,1.0,144,milan-real,floor_only
1.35,0,300000,1.767,1.35,0.7917,1.0,144,milan-real,floor_only
1.35,0,350000,1.767,1.35,0.7917,1.0,144,milan-real,floor_only
1.35,0,400000,1.767,1.35,0.7917,1.0,144,milan-real,floor_only
1.35,0,450000,1.767,1.35,0.7917,1.0,144,milan-real,floor_only
1.35,0,500000,1.767,1.35,0.7917,1.0,144,milan-real,floor_only
1.35,0,550000,1.767,1.35,0.7917,1.0,144,milan-real,floor_only
1.35,0,600000,1.767,1.35,0.7917,1.0,144,milan-real,floor_only
1.35,0,650000,1.767,1.35,0.7917,1.0,144,milan-real,floor_only
1.35,0,700000,1.767,1.35,0.7917,1.0,144,milan-real,floor_only
1.35,0,750000,1.767,1.35,0.7917,1.0,144,milan-real,floor_only
1.35,0,800000,1.767,1.35,0.7917,1.0,144,milan-real,floor_only
1.35,0,850000,1.767,1.35,0.7917,1.0,144,milan-real,floor_only
1.35,0,900000,2.651,1.35,0.7917,1.0,144,milan-real,floor_only
1.35,0,950000,3.352,1.35,0.7986,1.0,144,milan-real,floor_only
1.35,0,1000000,5.329,1.3527,0.7847,0.9722,140,milan-real,floor_only
1.35,3,50000,1.767,1.35,0.7917,1.0,144,milan-real,floor_only
1.35,3,100000,1.767,1.35,0.7917,1.0,144,milan-real,floor_only
1.35,3,150000,1.767,1.35,0.7917,1.0,144,milan-real,floor_only
1.35,3,200000,1.767,1.35,0.7917,1.0,144,milan-real,floor_only
1.35,3,250000,1.767,1.35,0.7917,1.0,144,milan-real,floor_only
1.35,3,300000,1.767,1.35,0.7917,1.0,144,milan-real,floor_only
1.35,3,350000,1.767,1.35,0.7917,1.0,144,milan-real,floor_only
1.35,3,400000,1.767,1.35,0.7917,1.0,144,milan-real,floor_only
1.35,3,450000,1.767,1.35,0.7917,1.0,144,milan-real,floor_only
1.35,3,500000,1.767,1.35,0.7917,1.0,144,milan-real,floor_only
1.35,3,550000,1.767,1.35,0.7917,1.0,144,milan-real,floor_only
1.35,3,600000,1.767,1.35,0.7917,1.0,144,milan-real,floor_only
1.35,3,650000,1.767,1.35,0.7917,1.0,144,milan-real,floor_only
1.35,3,700000,1.767,1.35,0.7917,1.0,144,milan-real,floor_only
1.35,3,750000,1.767,1.35,0.7917,1.0,144,milan-real,floor_only
1.35,3,800000,1.767,1.35,0.7917,1.0,144,milan-real,floor_only
1.35,3,850000,1.767,1.35,0.7917,1.0,144,milan-real,floor_only
1.35,3,900000,1.767,1.35,0.7917,1.0,144,milan-real,floor_only
1.35,3,950000,1.767,1.35,0.7917,1.0,144,milan-real,floor_only
1.35,3,1000000,1.767,1.35,0.7917,1.0,144,milan-real,floor_only
1.35,2,50000,1.767,1.35,0.7917,1.0,144,milan-real,floor_only
1.35,2,100000,1.767,1.35,0.7917,1.0,144,milan-real,floor_only
1.35,2,150000,1.767,1.35,0.7917,1.0,144,milan-real,floor_only
1.35,2,200000,1.767,1.35,0.7917,1.0,144,milan-real,floor_only
1.35,2,250000,1.767,1.35,0.7917,1.0,144,milan-real,floor_only
1.35,2,300000,1.767,1.35,0.7917,1.0,144,milan-real,floor_only
1.35,2,350000,1.767,1.35,0.7917,1.0,144,milan-real,floor_only
1.35,2,400000,1.767,1.35,0.7917,1.0,144,milan-real,floor_only
1.35,2,450000,1.767,1.35,0.7917,1.0,144,milan-real,floor_only
1.35,2,500000,1.767,1.35,0.7917,1.0,144,milan-real,floor_only
1.35,2,550000,1.767,1.35,0.7917,1.0,144,milan-real,floor_only
1.35,2,600000,1.767,1.35,0.7917,1.0,144,milan-real,floor_only
1.35,2,650000,1.767,1.35,0.7917,1.0,144,milan-real,floor_only
1.35,2,700000,1.767,1.35,0.7917,1.0,144,milan-real,floor_only
1.35,2,750000,1.767,1.35,0.7917,1.0,144,milan-real,floor_only
1.35,2,800000,1.767,1.35,0.7917,1.0,144,milan-real,floor_only
1.35,2,850000,1.767,1.35,0.7917,1.0,144,milan-real,floor_only
1.35,2,900000,1.767,1.35,0.7917,1.0,144,milan-real,floor_only
1.35,2,950000,1.767,1.35,0.7917,1.0,144,milan-real,floor_only
1.35,2,1000000,1.767,1.35,0.7917,1.0,144,milan-real,floor_only
1.35,2,50000,4.11,1.35,0.2847,1.0,144,milan-real,floor_plus_override
1.35,2,100000,8.606,1.4957,0.1667,0.5625,81,milan-real,floor_plus_override
1.35,2,150000,9.14,1.5428,0.1667,0.5,72,milan-real,floor_plus_override
1.35,2,200000,10.245,1.6607,0.0972,0.2917,42,milan-real,floor_plus_override
1.35,2,250000,11.636,1.822,0.0208,0.0972,14,milan-real,floor_plus_override
1.35,2,300000,11.567,1.7409,0.0,0.0,0,milan-real,floor_plus_override
1.35,2,350000,11.856,1.7547,0.0,0.0,0,milan-real,floor_plus_override
1.35,2,400000,11.854,1.7473,0.0,0.0,0,milan-real,floor_plus_override
1.35,2,450000,11.698,1.7197,0.0,0.0,0,milan-real,floor_plus_override
1.35,2,500000,11.529,1.6953,0.0,0.0,0,milan-real,floor_plus_override
1.35,2,550000,11.097,1.6277,0.0,0.0,0,milan-real,floor_plus_override
1.35,2,600000,11.412,1.6723,0.0,0.0,0,milan-real,floor_plus_override
1.35,2,650000,10.943,1.607,0.0,0.0,0,milan-real,floor_plus_override
1.35,2,700000,11.459,1.6859,0.0,0.0,0,milan-real,floor_plus_override
1.35,2,750000,11.308,1.6644,0.0,0.0,0,milan-real,floor_plus_override
1.35,2,800000,11.344,1.6666,0.0,0.0,0,milan-real,floor_plus_override
1.35,2,850000,11.055,1.6265,0.0,0.0,0,milan-real,floor_plus_override
1.35,2,900000,11.115,1.6358,0.0,0.0,0,milan-real,floor_plus_override
1.35,2,950000,11.553,1.7002,0.0,0.0,0,milan-real,floor_plus_override
1.35,2,1000000,11.251,1.6525,0.0,0.0,0,milan-real,floor_plus_override
1.35,1,50000,4.951,1.3539,0.3194,0.9792,141,milan-real,floor_plus_override
1.35,1,100000,7.902,1.4547,0.2569,0.7014,101,milan-real,floor_plus_override
1.35,1,150000,9.43,1.5833,0.1736,0.4375,63,milan-real,floor_plus_override
1.35,1,200000,10.658,1.7189,0.0764,0.2153,31,milan-real,floor_plus_override
1.35,1,250000,11.091,1.7473,0.0486,0.1597,23,milan-real,floor_plus_override
1.35,1,300000,11.771,1.7777,0.0,0.0139,2,milan-real,floor_plus_override
1.35,1,350000,11.801,1.7423,0.0,0.0,0,milan-real,floor_plus_override
1.35,1,400000,11.306,1.6657,0.0,0.0,0,milan-real,floor_plus_override
1.35,1,450000,11.673,1.7183,0.0,0.0,0,milan-real,floor_plus_override
1.35,1,500000,11.418,1.6802,0.0,0.0,0,milan-real,floor_plus_override
1.35,1,550000,11.554,1.6933,0.0,0.0,0,milan-real,floor_plus_override
1.35,1,600000,11.136,1.6327,0.0,0.0,0,milan-real,floor_plus_override
1.35,1,650000,10.739,1.5724,0.0,0.0,0,milan-real,floor_plus_override
1.35,1,700000,11.417,1.6779,0.0,0.0,0,milan-real,floor_plus_override
1.35,1,750000,11.18,1.6441,0.0,0.0,0,milan-real,floor_plus_override
1.35,1,800000,11.141,1.6377,0.0,0.0,0,milan-real,floor_plus_override
1.35,1,850000,11.018,1.6217,0.0,0.0,0,milan-real,floor_plus_override
1.35,1,900000,10.923,1.6038,0.0,0.0,0,milan-real,floor_plus_override
1.35,1,950000,11.026,1.6186,0.0,0.0,0,milan-real,floor_plus_override
1.35,1,1000000,10.94,1.6039,0.0,0.0,0,milan-real,floor_plus_override
1.35,3,50000,3.716,1.35,0.3472,1.0,144,milan-real,floor_plus_override
1.35,3,100000,6.553,1.3737,0.2778,0.9028,130,milan-real,floor_plus_override
1.35,3,150000,9.198,1.5618,0.1806,0.4931,71,milan-real,floor_plus_override
1.35,3,200000,10.669,1.7203,0.0833,0.2014,29,milan-real,floor_plus_override
1.35,3,250000,10.848,1.7221,0.0625,0.1667,24,milan-real,floor_plus_override
1.35,3,300000,11.336,1.7348,0.0069,0.0486,7,milan-real,floor_plus_override
1.35,3,350000,11.95,1.7806,0.0,0.0,0,milan-real,floor_plus_override
1.35,3,400000,12.116,1.7862,0.0,0.0,0,milan-real,floor_plus_override
1.35,3,450000,11.419,1.6783,0.0,0.0,0,milan-real,floor_plus_override
1.35,3,500000,11.491,1.6921,0.0,0.0,0,milan-real,floor_plus_override
1.35,3,550000,10.995,1.6192,0.0,0.0,0,milan-real,floor_plus_override
1.35,3,600000,11.218,1.6492,0.0,0.0,0,milan-real,floor_plus_override
1.35,3,650000,11.171,1.6354,0.0,0.0,0,milan-real,floor_plus_override
1.35,3,700000,11.254,1.6484,0.0,0.0,0,milan-real,floor_plus_override
1.35,3,750000,11.273,1.6511,0.0,0.0,0,milan-real,floor_plus_override
1.35,3,800000,11.266,1.6513,0.0,0.0,0,milan-real,floor_plus_override
1.35,3,850000,10.967,1.6088,0.0,0.0,0,milan-real,floor_plus_override
1.35,3,900000,11.165,1.6401,0.0,0.0,0,milan-real,floor_plus_override
1.35,3,950000,10.956,1.6084,0.0,0.0,0,milan-real,floor_plus_override
1.35,3,1000000,10.752,1.5779,0.0,0.0,0,milan-real,floor_plus_override
1.35,5,50000,4.857,1.3521,0.3125,0.9861,142,milan-real,floor_plus_override
1.35,5,100000,8.722,1.5372,0.2222,0.5625,81,milan-real,floor_plus_override
1.35,5,150000,8.801,1.5072,0.1875,0.5556,80,milan-real,floor_plus_override
1.35,5,200000,10.185,1.6529,0.125,0.3403,49,milan-real,floor_plus_override
1.35,5,250000,10.71,1.6933,0.0486,0.2014,29,milan-real,floor_plus_override
1.35,5,300000,12.366,1.8759,0.0069,0.0069,1,milan-real,floor_plus_override
1.35,5,350000,11.824,1.7488,0.0,0.0,0,milan-real,floor_plus_override
1.35,5,400000,11.407,1.6736,0.0,0.0,0,milan-real,floor_plus_override
1.35,5,450000,11.545,1.6972,0.0,0.0,0,milan-real,floor_plus_override
1.35,5,500000,11.332,1.6668,0.0,0.0,0,milan-real,floor_plus_override
1.35,5,550000,11.362,1.6706,0.0,0.0,0,milan-real,floor_plus_override
1.35,5,600000,11.485,1.687,0.0,0.0,0,milan-real,floor_plus_override
1.35,5,650000,11.436,1.6817,0.0,0.0,0,milan-real,floor_plus_override
1.35,5,700000,11.089,1.6275,0.0,0.0,0,milan-real,floor_plus_override
1.35,5,750000,10.828,1.5839,0.0,0.0,0,milan-real,floor_plus_override
1.35,5,800000,10.766,1.575,0.0,0.0,0,milan-real,floor_plus_override
1.35,5,850000,11.494,1.6857,0.0,0.0,0,milan-real,floor_plus_override
1.35,5,900000,11.172,1.6398,0.0,0.0,0,milan-real,floor_plus_override
1.35,5,950000,10.973,1.6127,0.0,0.0,0,milan-real,floor_plus_override
1.35,5,1000000,10.935,1.6052,0.0,0.0,0,milan-real,floor_plus_override
1.35,4,50000,3.082,1.35,0.3472,1.0,144,milan-real,floor_plus_override
1.35,4,100000,7.935,1.4846,0.25,0.6528,94,milan-real,floor_plus_override
1.35,4,150000,9.456,1.5955,0.1736,0.4792,69,milan-real,floor_plus_override
1.35,4,200000,10.202,1.6553,0.1181,0.2917,42,milan-real,floor_plus_override
1.35,4,250000,11.406,1.7947,0.0278,0.0833,12,milan-real,floor_plus_override
1.35,4,300000,11.585,1.74,0.0,0.0,0,milan-real,floor_plus_override
1.35,4,350000,11.891,1.7515,0.0,0.0,0,milan-real,floor_plus_override
1.35,4,400000,11.878,1.7386,0.0,0.0,0,milan-real,floor_plus_override
1.35,4,450000,11.411,1.6707,0.0,0.0,0,milan-real,floor_plus_override
1.35,4,500000,11.903,1.7445,0.0,0.0,0,milan-real,floor_plus_override
1.35,4,550000,11.134,1.6313,0.0,0.0,0,milan-real,floor_plus_override
1.35,4,600000,11.405,1.6696,0.0,0.0,0,milan-real,floor_plus_override
1.35,4,650000,11.552,1.6897,0.0,0.0,0,milan-real,floor_plus_override
1.35,4,700000,11.127,1.6259,0.0,0.0,0,milan-real,floor_plus_override
1.35,4,750000,11.116,1.6304,0.0,0.0,0,milan-real,floor_plus_override
1.35,4,800000,10.979,1.6102,0.0,0.0,0,milan-real,floor_plus_override
1.35,4,850000,11.122,1.6285,0.0,0.0,0,milan-real,floor_plus_override
1.35,4,900000,11.055,1.6205,0.0,0.0,0,milan-real,floor_plus_override
1.35,4,950000,11.08,1.6211,0.0,0.0,0,milan-real,floor_plus_override
1.35,4,1000000,11.18,1.6381,0.0,0.0,0,milan-real,floor_plus_override
1.35,7,50000,4.07,1.35,0.2778,1.0,144,milan-real,floor_plus_override
1.35,7,100000,6.49,1.3923,0.2986,0.8333,120,milan-real,floor_plus_override
1.35,7,150000,8.446,1.4821,0.2153,0.5903,85,milan-real,floor_plus_override
1.35,7,200000,9.851,1.6041,0.125,0.3819,55,milan-real,floor_plus_override
1.35,7,250000,11.048,1.7209,0.0347,0.1597,23,milan-real,floor_plus_override
1.35,7,300000,11.086,1.6613,0.0208,0.0903,13,milan-real,floor_plus_override
1.35,7,350000,11.932,1.7719,0.0,0.0069,1,milan-real,floor_plus_override
1.35,7,400000,11.898,1.7558,0.0,0.0,0,milan-real,floor_plus_override
1.35,7,450000,11.315,1.6653,0.0,0.0,0,milan-real,floor_plus_override
1.35,7,500000,11.727,1.7229,0.0,0.0,0,milan-real,floor_plus_override
1.35,7,550000,11.142,1.6398,0.0,0.0,0,milan-real,floor_plus_override
1.35,7,600000,11.168,1.6383,0.0,0.0,0,milan-real,floor_plus_override
1.35,7,650000,11.09,1.6332,0.0,0.0,0,milan-real,floor_plus_override
1.35,7,700000,11.118,1.6278,0.0,0.0,0,milan-real,floor_plus_override
1.35,7,750000,11.246,1.6471,0.0,0.0,0,milan-real,floor_plus_override
1.35,7,800000,11.14,1.6344,0.0,0.0,0,milan-real,floor_plus_override
1.35,7,850000,11.008,1.609,0.0,0.0,0,milan-real,floor_plus_override
1.35,7,900000,11.41,1.67,0.0,0.0,0,milan-real,floor_plus_override
1.35,7,950000,10.869,1.5904,0.0,0.0,0,milan-real,floor_plus_override
1.35,7,1000000,11.205,1.6403,0.0,0.0,0,milan-real,floor_plus_override
1.35,6,50000,2.281,1.35,0.4444,1.0,144,milan-real,floor_plus_override
1.35,6,100000,6.454,1.3761,0.25,0.8889,128,milan-real,floor_plus_override
1.35,6,150000,8.301,1.4669,0.2014,0.6458,93,milan-real,floor_plus_override
1.35,6,200000,10.12,1.6479,0.0833,0.3194,46,milan-real,floor_plus_override
1.35,6,250000,10.65,1.7074,0.0694,0.1875,27,milan-real,floor_plus_override
1.35,6,300000,11.184,1.7332,0.0208,0.125,18,milan-real,floor_plus_override
1.35,6,350000,12.166,1.8067,0.0,0.0,0,milan-real,floor_plus_override
1.35,6,400000,11.877,1.7454,0.0,0.0,0,milan-real,floor_plus_override
1.35,6,450000,11.469,1.6797,0.0,0.0,0,milan-real,floor_plus_override
1.35,6,500000,11.388,1.6688,0.0,0.0,0,milan-real,floor_plus_override
1.35,6,550000,11.8,1.7271,0.0,0.0,0,milan-real,floor_plus_override
1.35,6,600000,11.623,1.7009,0.0,0.0,0,milan-real,floor_plus_override
1.35,6,650000,11.207,1.6399,0.0,0.0,0,milan-real,floor_plus_override
1.35,6,700000,10.909,1.5936,0.0,0.0,0,milan-real,floor_plus_override
1.35,6,750000,11.301,1.6515,0.0,0.0,0,milan-real,floor_plus_override
1.35,6,800000,11.532,1.6873,0.0,0.0,0,milan-real,floor_plus_override
1.35,6,850000,10.856,1.5884,0.0,0.0,0,milan-real,floor_plus_override
1.35,6,900000,11.038,1.615,0.0,0.0,0,milan-real,floor_plus_override
1.35,6,950000,11.032,1.6149,0.0,0.0,0,milan-real,floor_plus_override
1.35,6,1000000,11.502,1.6862,0.0,0.0,0,milan-real,floor_plus_override
1.35,0,50000,7.765,1.8082,0.375,0.5903,85,milan-real,floor_plus_override
1.35,0,100000,11.985,2.3407,0.2917,0.5208,75,milan-real,floor_plus_override
1.35,0,150000,11.19,2.1287,0.2361,0.4931,71,milan-real,floor_plus_override
1.35,0,200000,11.448,2.0721,0.1736,0.4306,62,milan-real,floor_plus_override
1.35,0,250000,11.455,1.9576,0.1389,0.3472,50,milan-real,floor_plus_override
1.35,0,300000,11.501,1.8862,0.0764,0.2778,40,milan-real,floor_plus_override
1.35,0,350000,11.817,1.8917,0.0139,0.1736,25,milan-real,floor_plus_override
1.35,0,400000,11.936,1.88,0.0139,0.0903,13,milan-real,floor_plus_override
1.35,0,450000,11.69,1.8192,0.0069,0.0972,14,milan-real,floor_plus_override
1.35,0,500000,11.989,1.8454,0.0,0.0625,9,milan-real,floor_plus_override
1.35,0,550000,11.971,1.8299,0.0,0.0486,7,milan-real,floor_plus_override
1.35,0,600000,12.049,1.8321,0.0,0.0417,6,milan-real,floor_plus_override
1.35,0,650000,11.954,1.8097,0.0,0.0486,7,milan-real,floor_plus_override
1.35,0,700000,11.726,1.7704,0.0,0.0486,7,milan-real,floor_plus_override
1.35,0,750000,11.668,1.7606,0.0,0.0486,7,milan-real,floor_plus_override
1.35,0,800000,11.615,1.7514,0.0,0.0486,7,milan-real,floor_plus_override
1.35,0,850000,11.478,1.7295,0.0,0.0486,7,milan-real,floor_plus_override
1.35,0,900000,11.573,1.7373,0.0,0.0486,7,milan-real,floor_plus_override
1.35,0,950000,11.414,1.7103,0.0,0.0486,7,milan-real,floor_plus_override
1.35,0,1000000,11.709,1.7528,0.0,0.0486,7,milan-real,floor_plus_override
