headroom,override,ent_coef,seed,steps,carried,served_urllc,served_volte,served_video,utilisation,ckpts_at_100,steps_trapped,steps_to_safe,total_viol,mean_crit_win,max_crit_win,frac_unsafe_win,alloc_ratio,frac_below_hstar,frac_plateau,crit,mean_req,viol_rate,logstd_first,logstd_last,h_star,lr,target_kl,train_s
1.35,0.0,0.0,7,1000000,0.906,1.0,1.0,0.9141,1.0,14,700000,-1,2542,101.75,144,1.0,1.6295,0.3704,0.2384,160,9.744,0.644,-0.1596,-1.1481,1.3765,0.0001,0.02,355.4
1.35,0.0,0.0,5,1000000,0.9147,1.0,1.0,0.9223,1.0,20,1000000,-1,2880,144.0,144,1.0,1.35,1.0,0.7778,432,1.767,1.0,-0.161,-0.7121,1.3765,0.0001,0.02,355.9
1.35,0.0,0.0,1,1000000,0.9147,1.0,1.0,0.9223,1.0,20,1000000,-1,2880,144.0,144,1.0,1.35,1.0,0.7778,432,1.767,1.0,-0.1588,-0.5431,1.3765,0.0001,0.02,356.1
1.35,0.0,0.0,4,1000000,0.9147,1.0,1.0,0.9223,1.0,20,1000000,-1,2880,144.0,144,1.0,1.35,1.0,0.7778,432,1.767,1.0,-0.1444,-0.7378,1.3765,0.0001,0.02,356.3
1.35,0.0,0.0,3,1000000,0.9147,1.0,1.0,0.9223,1.0,20,1000000,-1,2880,144.0,144,1.0,1.35,1.0,0.7778,432,1.767,1.0,-0.1435,-0.478,1.3765,0.0001,0.02,356.6
1.35,0.0,0.0,6,1000000,0.9058,1.0,1.0,0.9138,1.0,15,750000,-1,2596,108.5,144,1.0,1.7141,0.2523,0.1736,109,10.373,0.528,-0.1572,-1.0259,1.3765,0.0001,0.02,356.6
1.35,0.0,0.0,2,1000000,0.9147,1.0,1.0,0.9223,1.0,20,1000000,-1,2880,144.0,144,1.0,1.35,1.0,0.7778,432,1.767,1.0,-0.1577,-0.5136,1.3765,0.0001,0.02,357.2
1.35,0.0,0.0,0,1000000,0.9145,1.0,1.0,0.9221,1.0,20,1000000,-1,2876,143.5,144,1.0,1.3604,0.9491,0.75,410,5.261,0.965,-0.126,-0.7786,1.3765,0.0001,0.02,358.5
1.35,2.0,0.0,2,1000000,0.8783,1.0,1.0,0.8868,1.0,1,50000,300000,353,0.0,0,0.0,1.6436,0.0,0.0,0,10.945,0.444,-0.1973,-2.3112,1.3765,0.0001,0.02,314.9
1.35,2.0,0.0,3,1000000,0.8839,1.0,1.0,0.8923,1.0,1,50000,350000,405,0.0,0,0.0,1.5827,0.0,0.0,0,10.564,0.431,-0.1917,-2.2989,1.3765,0.0001,0.02,315.1
1.35,2.0,0.0,1,1000000,0.8808,1.0,1.0,0.8892,1.0,1,50000,350000,361,0.0,0,0.0,1.5933,0.0,0.0,0,10.626,0.435,-0.1896,-2.2679,1.3765,0.0001,0.02,315.8
1.35,2.0,0.0,5,1000000,0.8765,1.0,1.0,0.8851,1.0,1,50000,350000,382,0.0,0,0.0,1.6443,0.0,0.0,0,10.949,0.447,-0.1876,-2.2569,1.3765,0.0001,0.02,315.6
1.35,2.0,0.0,4,1000000,0.88,1.0,1.0,0.8885,1.0,1,50000,300000,361,0.0,0,0.0,1.6403,0.0,0.0,0,10.955,0.442,-0.1894,-2.3375,1.3765,0.0001,0.02,316.0
1.35,2.0,0.0,6,1000000,0.8762,1.0,1.0,0.8849,1.0,1,50000,350000,456,0.0,0,0.0,1.6717,0.0,0.0,0,11.15,0.449,-0.1733,-2.302,1.3765,0.0001,0.02,317.1
1.35,2.0,0.0,7,1000000,0.8772,1.0,1.0,0.8859,1.0,1,50000,400000,441,0.0,0,0.0,1.6636,0.0,0.0,0,11.114,0.444,-0.1867,-2.3167,1.3765,0.0001,0.02,315.8
1.35,2.0,0.0,0,1000000,0.8753,1.0,1.0,0.8838,1.0,0,0,-1,513,7.0,7,1.0,1.7842,0.0463,0.0,20,11.582,0.468,-0.1803,-3.0173,1.3765,0.0001,0.02,321.9
