headroom,seed,steps,carried,served_urllc,served_volte,served_video,utilisation,mean_crit_win,max_crit_win,frac_unsafe_win,n_win,alloc_ratio,frac_below_hstar,frac_plateau,ratio,abdicated,crit,urllc,viol_rate,mean_req,mean_floor,h_star,lr,ent_coef,target_kl,train_s
0.0,2,1000000,0.884,1.0,1.0,0.8922,1.0,0.12,1,0.125,8,1.6066,0.0,0.0,1.5974,0,4,0,0.438,10.658,6.672,1.3765,0.0001,0.0,0.02,393.6
0.0,7,1000000,0.878,1.0,1.0,0.8864,1.0,0.0,0,0.0,8,1.6477,0.0,0.0,1.6495,0,3,0,0.451,11.006,6.672,1.3765,0.0001,0.0,0.02,396.4
0.0,4,1000000,0.8771,1.0,1.0,0.8856,1.0,4.38,6,1.0,8,1.6527,0.0,0.0,1.6492,0,8,0,0.463,11.003,6.672,1.3765,0.0001,0.0,0.02,397.0
0.0,6,1000000,0.8631,1.0,1.0,0.8717,1.0,4.88,6,1.0,8,1.8222,0.0231,0.0,1.7952,0,14,10,0.486,11.978,6.672,1.3765,0.0001,0.0,0.02,403.6
0.0,5,1000000,0.866,1.0,1.0,0.8747,1.0,0.62,2,0.375,8,1.6859,0.0069,0.0,1.6705,0,3,3,0.456,11.146,6.672,1.3765,0.0001,0.0,0.02,406.0
0.0,1,1000000,0.829,1.0,1.0,0.8397,1.0,7.75,11,1.0,8,2.6275,0.0347,0.0,2.4505,0,22,15,0.505,16.35,6.672,1.3765,0.0001,0.0,0.02,408.1
0.0,0,1000000,0.8665,0.9995,1.0,0.8756,1.0,7.75,9,1.0,8,1.8836,0.0532,0.0,1.7947,0,29,23,0.484,11.974,6.672,1.3765,0.0001,0.0,0.02,409.8
0.0,3,1000000,0.8204,1.0,1.0,0.8311,1.0,4.88,9,1.0,8,2.6462,0.0162,0.0,2.4892,0,7,7,0.481,16.608,6.672,1.3765,0.0001,0.0,0.02,414.0
1.35,0,1000000,0.9145,1.0,1.0,0.9221,1.0,143.5,144,1.0,8,1.3604,0.9491,0.75,0.584,1,410,410,0.965,5.261,9.007,1.3765,0.0001,0.0,0.02,464.7
1.35,1,1000000,0.9147,1.0,1.0,0.9223,1.0,144.0,144,1.0,8,1.35,1.0,0.7778,0.1962,1,432,432,1.0,1.767,9.007,1.3765,0.0001,0.0,0.02,463.7
1.35,2,1000000,0.9147,1.0,1.0,0.9223,1.0,144.0,144,1.0,8,1.35,1.0,0.7778,0.1962,1,432,432,1.0,1.767,9.007,1.3765,0.0001,0.0,0.02,464.8
1.35,3,1000000,0.9147,1.0,1.0,0.9223,1.0,144.0,144,1.0,8,1.35,1.0,0.7778,0.1962,1,432,432,1.0,1.767,9.007,1.3765,0.0001,0.0,0.02,462.6
1.35,5,1000000,0.9147,1.0,1.0,0.9223,1.0,144.0,144,1.0,8,1.35,1.0,0.7778,0.1962,1,432,432,1.0,1.767,9.007,1.3765,0.0001,0.0,0.02,459.7
1.35,4,1000000,0.9147,1.0,1.0,0.9223,1.0,144.0,144,1.0,8,1.35,1.0,0.7778,0.1962,1,432,432,1.0,1.767,9.007,1.3765,0.0001,0.0,0.02,466.0
1.35,6,1000000,0.9058,1.0,1.0,0.9138,1.0,108.5,144,1.0,8,1.7141,0.2523,0.1736,1.1516,0,109,109,0.528,10.373,9.007,1.3765,0.0001,0.0,0.02,462.3
1.35,7,1000000,0.906,1.0,1.0,0.9141,1.0,101.75,144,1.0,8,1.6295,0.3704,0.2384,1.0818,0,160,160,0.644,9.744,9.007,1.3765,0.0001,0.0,0.02,463.7
