headroom,seed,timestep,mean_req,alloc_ratio,frac_plateau,frac_below_hstar,crit
1.2,3,50000,1.767,1.2,0.75,1.0,255
1.2,3,100000,1.821,1.2,0.75,1.0,255
1.2,3,150000,3.779,1.2,0.7569,1.0,255
1.2,3,200000,6.799,1.262,0.5208,0.8681,239
1.2,3,250000,9.404,1.4947,0.1389,0.4792,183
1.2,3,300000,10.663,1.6548,0.0833,0.2292,148
1.2,3,350000,11.537,1.7702,0.0486,0.1458,136
1.2,3,400000,12.17,1.8064,0.0,0.0417,121
1.2,3,450000,12.63,1.8198,0.0,0.0,115
1.2,3,500000,12.629,1.8047,0.0,0.0,115
1.2,3,550000,11.754,1.6823,0.0,0.0,115
1.2,3,600000,11.789,1.6829,0.0,0.0,115
1.2,3,650000,11.358,1.6251,0.0,0.0,115
1.2,3,700000,11.467,1.6434,0.0,0.0,115
1.2,3,750000,11.408,1.6349,0.0,0.0,115
1.2,3,800000,11.29,1.6187,0.0,0.0,115
1.2,3,850000,11.278,1.6231,0.0,0.0,115
1.2,3,900000,10.961,1.5779,0.0,0.0,115
1.2,3,950000,11.583,1.6621,0.0,0.0,115
1.2,3,1000000,11.231,1.6102,0.0,0.0,115
1.2,1,50000,1.767,1.2,0.75,1.0,255
1.2,1,100000,2.545,1.2,0.75,1.0,255
1.2,1,150000,4.564,1.2012,0.7431,1.0,256
1.2,1,200000,8.516,1.3934,0.3264,0.6111,202
1.2,1,250000,9.35,1.4891,0.1458,0.4653,181
1.2,1,300000,11.41,1.7583,0.0486,0.1528,137
1.2,1,350000,11.502,1.7507,0.0486,0.125,133
1.2,1,400000,12.27,1.812,0.0,0.0417,121
1.2,1,450000,12.017,1.7218,0.0,0.0,115
1.2,1,500000,11.895,1.7018,0.0,0.0,115
1.2,1,550000,11.479,1.6437,0.0,0.0,115
1.2,1,600000,11.282,1.6139,0.0,0.0,115
1.2,1,650000,11.2,1.6025,0.0,0.0,115
1.2,1,700000,11.302,1.6186,0.0,0.0,115
1.2,1,750000,11.087,1.5904,0.0,0.0,115
1.2,1,800000,11.272,1.6118,0.0,0.0,115
1.2,1,850000,11.049,1.5828,0.0,0.0,115
1.2,1,900000,11.327,1.6199,0.0,0.0,115
1.2,1,950000,11.312,1.6142,0.0,0.0,115
1.2,1,1000000,10.92,1.5659,0.0,0.0,115
1.2,2,50000,1.767,1.2,0.75,1.0,255
1.2,2,100000,2.321,1.2,0.75,1.0,255
1.2,2,150000,3.016,1.2,0.7431,1.0,254
1.2,2,200000,5.551,1.2312,0.3264,0.9306,196
1.2,2,250000,7.94,1.3604,0.1806,0.7083,167
1.2,2,300000,10.39,1.6672,0.0486,0.2569,83
1.2,2,350000,10.787,1.7279,0.0139,0.1944,60
1.2,2,400000,10.994,1.7604,0.0139,0.1528,51
1.2,2,450000,11.528,1.841,0.0,0.1181,42
1.2,2,500000,11.386,1.8172,0.0,0.1389,37
1.2,2,550000,11.172,1.7799,0.0,0.1528,33
1.2,2,600000,10.843,1.721,0.0,0.1597,32
1.2,2,650000,11.067,1.7408,0.0,0.0833,13
1.2,2,700000,11.193,1.7395,0.0,0.0625,9
1.2,2,750000,11.113,1.6936,0.0,0.0417,6
1.2,2,800000,11.754,1.7702,0.0,0.0,0
1.2,2,850000,11.263,1.6825,0.0,0.0,0
1.2,2,900000,10.967,1.633,0.0,0.0,0
1.2,2,950000,11.262,1.6748,0.0,0.0,0
1.2,2,1000000,11.078,1.6452,0.0,0.0,0
1.2,4,50000,1.767,1.2,0.75,1.0,255
1.2,4,100000,2.078,1.2,0.75,1.0,255
1.2,4,150000,3.445,1.2,0.7569,1.0,256
1.2,4,200000,7.072,1.2767,0.5,0.8125,231
1.2,4,250000,9.919,1.5576,0.0972,0.375,168
1.2,4,300000,10.63,1.6479,0.0833,0.2361,149
1.2,4,350000,11.485,1.749,0.0486,0.1181,132
1.2,4,400000,12.288,1.7947,0.0,0.0,115
1.2,4,450000,12.393,1.7701,0.0,0.0,115
1.2,4,500000,11.939,1.711,0.0,0.0,115
1.2,4,550000,11.509,1.6448,0.0,0.0,115
1.2,4,600000,11.665,1.6694,0.0,0.0,115
1.2,4,650000,11.429,1.6344,0.0,0.0,115
1.2,4,700000,11.297,1.6138,0.0,0.0,115
1.2,4,750000,11.125,1.5946,0.0,0.0,115
1.2,4,800000,11.03,1.577,0.0,0.0,115
1.2,4,850000,11.06,1.588,0.0,0.0,115
1.2,4,900000,11.195,1.6036,0.0,0.0,115
1.2,4,950000,11.08,1.5902,0.0,0.0,115
1.2,4,1000000,11.011,1.5805,0.0,0.0,115
1.2,5,50000,1.767,1.2,0.75,1.0,255
1.2,5,100000,2.084,1.2,0.75,1.0,255
1.2,5,150000,3.979,1.2003,0.75,1.0,256
1.2,5,200000,6.15,1.2366,0.5903,0.9097,244
1.2,5,250000,9.155,1.4668,0.1875,0.5278,190
1.2,5,300000,11.191,1.7239,0.0694,0.1806,141
1.2,5,350000,11.786,1.7995,0.0486,0.125,133
1.2,5,400000,11.686,1.7534,0.0347,0.0972,129
1.2,5,450000,12.676,1.8306,0.0,0.0,115
1.2,5,500000,12.049,1.7222,0.0,0.0,115
1.2,5,550000,12.148,1.7322,0.0,0.0,115
1.2,5,600000,11.789,1.6855,0.0,0.0,115
1.2,5,650000,11.936,1.7054,0.0,0.0,115
1.2,5,700000,11.638,1.6629,0.0,0.0,115
1.2,5,750000,11.389,1.63,0.0,0.0,115
1.2,5,800000,11.21,1.6071,0.0,0.0,115
1.2,5,850000,10.907,1.5621,0.0,0.0,115
1.2,5,900000,11.422,1.6357,0.0,0.0,115
1.2,5,950000,11.465,1.639,0.0,0.0,115
1.2,5,1000000,11.401,1.6313,0.0,0.0,115
1.2,7,50000,1.767,1.2,0.75,1.0,255
1.2,7,100000,1.767,1.2,0.75,1.0,255
1.2,7,150000,3.572,1.2,0.7569,1.0,255
1.2,7,200000,6.114,1.2384,0.5694,0.9167,245
1.2,7,250000,8.428,1.3898,0.2431,0.6181,203
1.2,7,300000,9.69,1.5283,0.1111,0.3958,171
1.2,7,350000,11.044,1.702,0.0694,0.1944,143
1.2,7,400000,11.537,1.758,0.0486,0.1319,134
1.2,7,450000,11.1,1.6775,0.0486,0.1181,132
1.2,7,500000,11.82,1.7278,0.0,0.0,115
1.2,7,550000,11.441,1.6501,0.0,0.0,115
1.2,7,600000,11.58,1.6587,0.0,0.0,115
1.2,7,650000,11.323,1.6254,0.0,0.0,115
1.2,7,700000,11.45,1.6394,0.0,0.0,115
1.2,7,750000,11.157,1.6025,0.0,0.0,115
1.2,7,800000,11.571,1.6562,0.0,0.0,115
1.2,7,850000,11.095,1.594,0.0,0.0,115
1.2,7,900000,10.896,1.564,0.0,0.0,115
1.2,7,950000,11.009,1.5802,0.0,0.0,115
1.2,7,1000000,11.31,1.6188,0.0,0.0,115
1.2,6,50000,1.767,1.2,0.75,1.0,255
1.2,6,100000,1.768,1.2,0.75,1.0,255
1.2,6,150000,3.659,1.2,0.7569,1.0,256
1.2,6,200000,7.194,1.2869,0.4653,0.8194,232
1.2,6,250000,9.355,1.4885,0.1458,0.4861,184
1.2,6,300000,10.957,1.7024,0.0486,0.1806,141
1.2,6,350000,11.204,1.7334,0.0486,0.1597,138
1.2,6,400000,11.719,1.8047,0.0486,0.1111,131
1.2,6,450000,11.518,1.757,0.0417,0.1042,130
1.2,6,500000,11.934,1.7555,0.0,0.0069,116
1.2,6,550000,11.874,1.7068,0.0,0.0,115
1.2,6,600000,11.715,1.6762,0.0,0.0,115
1.2,6,650000,11.51,1.6448,0.0,0.0,115
1.2,6,700000,11.417,1.6335,0.0,0.0,115
1.2,6,750000,11.672,1.6628,0.0,0.0,115
1.2,6,800000,11.533,1.6466,0.0,0.0,115
1.2,6,850000,11.002,1.5743,0.0,0.0,115
1.2,6,900000,11.085,1.5886,0.0,0.0,115
1.2,6,950000,11.158,1.6021,0.0,0.0,115
1.2,6,1000000,10.994,1.5761,0.0,0.0,115
1.2,0,50000,1.767,1.2,0.75,1.0,255
1.2,0,100000,1.767,1.2,0.75,1.0,255
1.2,0,150000,1.899,1.2,0.75,1.0,255
1.2,0,200000,3.168,1.2,0.75,1.0,255
1.2,0,250000,6.278,1.2372,0.5972,0.9097,244
1.2,0,300000,9.939,1.5626,0.1042,0.3472,164
1.2,0,350000,10.438,1.6285,0.0903,0.25,151
1.2,0,400000,11.648,1.7963,0.0486,0.1389,135
1.2,0,450000,11.594,1.7903,0.0486,0.1389,135
1.2,0,500000,11.777,1.8129,0.0486,0.1319,134
1.2,0,550000,12.064,1.8478,0.0417,0.0764,126
1.2,0,600000,11.54,1.7655,0.0417,0.125,133
1.2,0,650000,11.687,1.7674,0.0347,0.0625,124
1.2,0,700000,11.734,1.7334,0.0,0.0139,117
1.2,0,750000,11.546,1.6894,0.0,0.0,115
1.2,0,800000,11.316,1.6383,0.0,0.0069,116
1.2,0,850000,11.332,1.6325,0.0,0.0,115
1.2,0,900000,11.296,1.63,0.0,0.0,115
1.2,0,950000,11.62,1.6686,0.0,0.0,115
1.2,0,1000000,11.215,1.6112,0.0,0.0,115
1.38,0,50000,1.767,1.38,0.7986,0.0,0
1.38,0,100000,1.767,1.38,0.7986,0.0,0
1.38,0,150000,1.767,1.38,0.7986,0.0,0
1.38,0,200000,1.767,1.38,0.7986,0.0,0
1.38,0,250000,1.767,1.38,0.7986,0.0,0
1.38,0,300000,1.767,1.38,0.7986,0.0,0
1.38,0,350000,1.767,1.38,0.7986,0.0,0
1.38,0,400000,1.767,1.38,0.7986,0.0,0
1.38,0,450000,1.767,1.38,0.7986,0.0,0
1.38,0,500000,1.767,1.38,0.7986,0.0,0
1.38,0,550000,1.767,1.38,0.7986,0.0,0
1.38,0,600000,1.767,1.38,0.7986,0.0,0
1.38,0,650000,1.767,1.38,0.7986,0.0,0
1.38,0,700000,1.767,1.38,0.7986,0.0,0
1.38,0,750000,1.767,1.38,0.7986,0.0,0
1.38,0,800000,1.767,1.38,0.7986,0.0,0
1.38,0,850000,1.767,1.38,0.7986,0.0,0
1.38,0,900000,1.767,1.38,0.7986,0.0,0
1.38,0,950000,1.767,1.38,0.7986,0.0,0
1.38,0,1000000,1.767,1.38,0.7986,0.0,0
1.38,4,50000,1.767,1.38,0.7986,0.0,0
1.38,4,100000,1.767,1.38,0.7986,0.0,0
1.38,4,150000,1.767,1.38,0.7986,0.0,0
1.38,4,200000,1.767,1.38,0.7986,0.0,0
1.38,4,250000,1.767,1.38,0.7986,0.0,0
1.38,4,300000,1.767,1.38,0.7986,0.0,0
1.38,4,350000,1.767,1.38,0.7986,0.0,0
1.38,4,400000,1.767,1.38,0.7986,0.0,0
1.38,4,450000,1.767,1.38,0.7986,0.0,0
1.38,4,500000,1.767,1.38,0.7986,0.0,0
1.38,4,550000,1.767,1.38,0.7986,0.0,0
1.38,4,600000,1.767,1.38,0.7986,0.0,0
1.38,4,650000,1.767,1.38,0.7986,0.0,0
1.38,4,700000,1.767,1.38,0.7986,0.0,0
1.38,4,750000,1.767,1.38,0.7986,0.0,0
1.38,4,800000,1.767,1.38,0.7986,0.0,0
1.38,4,850000,1.767,1.38,0.7986,0.0,0
1.38,4,900000,1.767,1.38,0.7986,0.0,0
1.38,4,950000,1.767,1.38,0.7986,0.0,0
1.38,4,1000000,1.767,1.38,0.7986,0.0,0
1.38,1,50000,1.767,1.38,0.7986,0.0,0
1.38,1,100000,1.767,1.38,0.7986,0.0,0
1.38,1,150000,1.767,1.38,0.7986,0.0,0
1.38,1,200000,1.767,1.38,0.7986,0.0,0
1.38,1,250000,1.767,1.38,0.7986,0.0,0
1.38,1,300000,1.767,1.38,0.7986,0.0,0
1.38,1,350000,1.767,1.38,0.7986,0.0,0
1.38,1,400000,1.767,1.38,0.7986,0.0,0
1.38,1,450000,1.767,1.38,0.7986,0.0,0
1.38,1,500000,1.767,1.38,0.7986,0.0,0
1.38,1,550000,1.767,1.38,0.7986,0.0,0
1.38,1,600000,1.767,1.38,0.7986,0.0,0
1.38,1,650000,1.767,1.38,0.7986,0.0,0
1.38,1,700000,1.767,1.38,0.7986,0.0,0
1.38,1,750000,1.767,1.38,0.7986,0.0,0
1.38,1,800000,1.767,1.38,0.7986,0.0,0
1.38,1,850000,1.767,1.38,0.7986,0.0,0
1.38,1,900000,1.767,1.38,0.7986,0.0,0
1.38,1,950000,1.767,1.38,0.7986,0.0,0
1.38,1,1000000,1.767,1.38,0.7986,0.0,0
1.38,2,50000,1.767,1.38,0.7986,0.0,0
1.38,2,100000,1.767,1.38,0.7986,0.0,0
1.38,2,150000,1.767,1.38,0.7986,0.0,0
1.38,2,200000,1.767,1.38,0.7986,0.0,0
1.38,2,250000,1.767,1.38,0.7986,0.0,0
1.38,2,300000,1.767,1.38,0.7986,0.0,0
1.38,2,350000,1.767,1.38,0.7986,0.0,0
1.38,2,400000,1.767,1.38,0.7986,0.0,0
1.38,2,450000,1.767,1.38,0.7986,0.0,0
1.38,2,500000,1.767,1.38,0.7986,0.0,0
1.38,2,550000,1.767,1.38,0.7986,0.0,0
1.38,2,600000,1.767,1.38,0.7986,0.0,0
1.38,2,650000,1.767,1.38,0.7986,0.0,0
1.38,2,700000,1.767,1.38,0.7986,0.0,0
1.38,2,750000,1.767,1.38,0.7986,0.0,0
1.38,2,800000,1.767,1.38,0.7986,0.0,0
1.38,2,850000,1.767,1.38,0.7986,0.0,0
1.38,2,900000,1.767,1.38,0.7986,0.0,0
1.38,2,950000,1.767,1.38,0.7986,0.0,0
1.38,2,1000000,1.767,1.38,0.7986,0.0,0
1.38,3,50000,1.767,1.38,0.7986,0.0,0
1.38,3,100000,1.767,1.38,0.7986,0.0,0
1.38,3,150000,1.767,1.38,0.7986,0.0,0
1.38,3,200000,1.767,1.38,0.7986,0.0,0
1.38,3,250000,1.767,1.38,0.7986,0.0,0
1.38,3,300000,1.767,1.38,0.7986,0.0,0
1.38,3,350000,1.767,1.38,0.7986,0.0,0
1.38,3,400000,1.767,1.38,0.7986,0.0,0
1.38,3,450000,1.767,1.38,0.7986,0.0,0
1.38,3,500000,1.767,1.38,0.7986,0.0,0
1.38,3,550000,1.767,1.38,0.7986,0.0,0
1.38,3,600000,1.767,1.38,0.7986,0.0,0
1.38,3,650000,1.767,1.38,0.7986,0.0,0
1.38,3,700000,1.767,1.38,0.7986,0.0,0
1.38,3,750000,1.767,1.38,0.7986,0.0,0
1.38,3,800000,1.767,1.38,0.7986,0.0,0
1.38,3,850000,1.767,1.38,0.7986,0.0,0
1.38,3,900000,1.767,1.38,0.7986,0.0,0
1.38,3,950000,1.767,1.38,0.7986,0.0,0
1.38,3,1000000,1.767,1.38,0.7986,0.0,0
1.38,5,50000,1.767,1.38,0.7986,0.0,0
1.38,5,100000,1.767,1.38,0.7986,0.0,0
1.38,5,150000,1.767,1.38,0.7986,0.0,0
1.38,5,200000,1.767,1.38,0.7986,0.0,0
1.38,5,250000,1.767,1.38,0.7986,0.0,0
1.38,5,300000,1.767,1.38,0.7986,0.0,0
1.38,5,350000,1.767,1.38,0.7986,0.0,0
1.38,5,400000,1.767,1.38,0.7986,0.0,0
1.38,5,450000,1.767,1.38,0.7986,0.0,0
1.38,5,500000,1.767,1.38,0.7986,0.0,0
1.38,5,550000,1.767,1.38,0.7986,0.0,0
1.38,5,600000,1.767,1.38,0.7986,0.0,0
1.38,5,650000,1.767,1.38,0.7986,0.0,0
1.38,5,700000,1.767,1.38,0.7986,0.0,0
1.38,5,750000,1.767,1.38,0.7986,0.0,0
1.38,5,800000,1.767,1.38,0.7986,0.0,0
1.38,5,850000,1.767,1.38,0.7986,0.0,0
1.38,5,900000,1.767,1.38,0.7986,0.0,0
1.38,5,950000,1.767,1.38,0.7986,0.0,0
1.38,5,1000000,1.767,1.38,0.7986,0.0,0
1.38,6,50000,1.767,1.38,0.7986,0.0,0
1.38,6,100000,1.767,1.38,0.7986,0.0,0
1.38,6,150000,1.767,1.38,0.7986,0.0,0
1.38,6,200000,1.767,1.38,0.7986,0.0,0
1.38,6,250000,1.767,1.38,0.7986,0.0,0
1.38,6,300000,1.767,1.38,0.7986,0.0,0
1.38,6,350000,1.767,1.38,0.7986,0.0,0
1.38,6,400000,1.767,1.38,0.7986,0.0,0
1.38,6,450000,1.767,1.38,0.7986,0.0,0
1.38,6,500000,1.767,1.38,0.7986,0.0,0
1.38,6,550000,1.767,1.38,0.7986,0.0,0
1.38,6,600000,1.767,1.38,0.7986,0.0,0
1.38,6,650000,1.767,1.38,0.7986,0.0,0
1.38,6,700000,1.767,1.38,0.7986,0.0,0
1.38,6,750000,1.767,1.38,0.7986,0.0,0
1.38,6,800000,1.767,1.38,0.7986,0.0,0
1.38,6,850000,1.767,1.38,0.7986,0.0,0
1.38,6,900000,1.767,1.38,0.7986,0.0,0
1.38,6,950000,1.767,1.38,0.7986,0.0,0
1.38,6,1000000,1.767,1.38,0.7986,0.0,0
1.38,7,50000,1.767,1.38,0.7986,0.0,0
1.38,7,100000,1.767,1.38,0.7986,0.0,0
1.38,7,150000,1.767,1.38,0.7986,0.0,0
1.38,7,200000,1.767,1.38,0.7986,0.0,0
1.38,7,250000,1.767,1.38,0.7986,0.0,0
1.38,7,300000,1.767,1.38,0.7986,0.0,0
1.38,7,350000,1.767,1.38,0.7986,0.0,0
1.38,7,400000,1.767,1.38,0.7986,0.0,0
1.38,7,450000,1.767,1.38,0.7986,0.0,0
1.38,7,500000,1.767,1.38,0.7986,0.0,0
1.38,7,550000,1.767,1.38,0.7986,0.0,0
1.38,7,600000,1.767,1.38,0.7986,0.0,0
1.38,7,650000,1.767,1.38,0.7986,0.0,0
1.38,7,700000,1.767,1.38,0.7986,0.0,0
1.38,7,750000,1.767,1.38,0.7986,0.0,0
1.38,7,800000,1.798,1.38,0.7986,0.0,0
1.38,7,850000,1.767,1.38,0.7986,0.0,0
1.38,7,900000,1.767,1.38,0.7986,0.0,0
1.38,7,950000,2.005,1.38,0.7986,0.0,0
1.38,7,1000000,3.225,1.38,0.7986,0.0,0
