headroom,seed,steps,carried,served_urllc,served_volte,served_video,utilisation,mean_crit_win,max_crit_win,frac_unsafe_win,n_win,alloc_ratio,frac_below_hstar,frac_plateau,ratio,abdicated,crit,urllc,viol_rate,mean_req,mean_floor,h_star,lr,ent_coef,target_kl,train_s,floor_mode
1.2,3,1000000,0.9168,1.0,1.0,0.9243,1.0,115.0,115,1.0,8,1.641,0.0,0.0,1.4016,0,338,0,0.782,11.222,8.007,1.3765,0.0001,0.0,0.02,572.0,clip
1.2,1,1000000,0.9181,1.0,1.0,0.9255,1.0,115.0,115,1.0,8,1.5951,0.0,0.0,1.3634,0,338,0,0.782,10.916,8.007,1.3765,0.0001,0.0,0.02,575.3,clip
1.2,2,1000000,0.8793,1.0,1.0,0.8878,1.0,3.5,13,0.375,8,1.6676,0.0,0.0,1.3696,0,5,0,0.458,10.966,8.007,1.3765,0.0001,0.0,0.02,575.4,clip
1.2,4,1000000,0.9177,1.0,1.0,0.9251,1.0,115.0,115,1.0,8,1.6132,0.0,0.0,1.3775,0,338,0,0.782,11.029,8.007,1.3765,0.0001,0.0,0.02,576.1,clip
1.2,5,1000000,0.9175,1.0,1.0,0.9249,1.0,115.0,115,1.0,8,1.6124,0.0,0.0,1.3786,0,338,0,0.782,11.038,8.007,1.3765,0.0001,0.0,0.02,576.7,clip
1.2,7,1000000,0.9177,1.0,1.0,0.9251,1.0,115.0,115,1.0,8,1.6245,0.0,0.0,1.39,0,338,0,0.782,11.129,8.007,1.3765,0.0001,0.0,0.02,580.3,clip
1.2,6,1000000,0.9169,1.0,1.0,0.9243,1.0,115.0,115,1.0,8,1.6105,0.0,0.0,1.3762,0,338,0,0.782,11.019,8.007,1.3765,0.0001,0.0,0.02,582.6,clip
1.2,0,1000000,0.9159,1.0,1.0,0.9234,1.0,116.5,124,1.0,8,1.6555,0.0,0.0,1.4078,0,338,0,0.782,11.272,8.007,1.3765,0.0001,0.0,0.02,591.6,clip
1.38,0,1000000,0.9111,1.0,1.0,0.9189,1.0,0.0,0,0.0,8,1.38,0.0,0.7824,0.1919,1,0,0,0.34,1.767,9.208,1.3765,0.0001,0.0,0.02,606.5,clip
1.38,4,1000000,0.9111,1.0,1.0,0.9189,1.0,0.0,0,0.0,8,1.38,0.0,0.7824,0.1919,1,0,0,0.34,1.767,9.208,1.3765,0.0001,0.0,0.02,604.3,clip
1.38,1,1000000,0.9111,1.0,1.0,0.9189,1.0,0.0,0,0.0,8,1.38,0.0,0.7824,0.1919,1,0,0,0.34,1.767,9.208,1.3765,0.0001,0.0,0.02,606.5,clip
1.38,2,1000000,0.9111,1.0,1.0,0.9189,1.0,0.0,0,0.0,8,1.38,0.0,0.7824,0.1919,1,0,0,0.34,1.767,9.208,1.3765,0.0001,0.0,0.02,606.5,clip
1.38,3,1000000,0.9111,1.0,1.0,0.9189,1.0,0.0,0,0.0,8,1.38,0.0,0.7824,0.1919,1,0,0,0.34,1.767,9.208,1.3765,0.0001,0.0,0.02,607.6,clip
1.38,5,1000000,0.9111,1.0,1.0,0.9189,1.0,0.0,0,0.0,8,1.38,0.0,0.7824,0.1919,1,0,0,0.34,1.767,9.208,1.3765,0.0001,0.0,0.02,606.3,clip
1.38,6,1000000,0.9111,1.0,1.0,0.9189,1.0,0.0,0,0.0,8,1.38,0.0,0.7824,0.1919,1,0,0,0.34,1.767,9.208,1.3765,0.0001,0.0,0.02,606.8,clip
1.38,7,1000000,0.9111,1.0,1.0,0.9189,1.0,0.0,0,0.0,8,1.38,0.0,0.7824,0.3243,1,0,0,0.34,2.986,9.208,1.3765,0.0001,0.0,0.02,605.4,clip
