switch_at,seed,timestep,floor_on,mean_req,alloc_ratio,frac_plateau,frac_below_hstar,crit,traffic
150000,7,50000,0,17.651,2.7923,0.0,0.0486,34,milan-real
150000,7,100000,0,17.517,2.7757,0.0,0.0694,33,milan-real
150000,7,150000,1,13.908,2.2081,0.0,0.0625,9,milan-real
150000,7,200000,1,4.773,1.3528,0.7708,0.9792,141,milan-real
150000,7,250000,1,6.777,1.382,0.625,0.8611,124,milan-real
150000,7,300000,1,8.573,1.4712,0.4653,0.6042,87,milan-real
150000,7,350000,1,9.921,1.5837,0.2292,0.3333,48,milan-real
150000,7,400000,1,10.733,1.6393,0.0625,0.1181,17,milan-real
150000,7,450000,1,11.502,1.66,0.0,0.0,0,milan-real
150000,7,500000,1,11.747,1.6933,0.0,0.0,0,milan-real
150000,7,550000,1,11.31,1.6325,0.0,0.0,0,milan-real
150000,7,600000,1,11.157,1.6073,0.0,0.0,0,milan-real
150000,7,650000,1,11.476,1.6468,0.0,0.0,0,milan-real
150000,7,700000,1,11.583,1.6606,0.0,0.0,0,milan-real
150000,7,750000,1,11.104,1.5956,0.0,0.0,0,milan-real
150000,7,800000,1,11.077,1.5988,0.0,0.0,0,milan-real
150000,7,850000,1,11.259,1.6145,0.0,0.0,0,milan-real
150000,7,900000,1,11.159,1.5998,0.0,0.0,0,milan-real
150000,7,950000,1,11.001,1.5856,0.0,0.0,0,milan-real
150000,7,1000000,1,11.038,1.5922,0.0,0.0,0,milan-real
150000,4,50000,0,19.679,3.1127,0.0,0.0139,29,milan-real
150000,4,100000,0,16.795,2.659,0.0,0.0486,33,milan-real
150000,4,150000,1,15.789,2.503,0.0069,0.0417,6,milan-real
150000,4,200000,1,6.328,1.3678,0.6944,0.9167,132,milan-real
150000,4,250000,1,7.646,1.4199,0.5556,0.75,108,milan-real
150000,4,300000,1,8.678,1.474,0.4444,0.5833,84,milan-real
150000,4,350000,1,9.718,1.5424,0.25,0.3611,52,milan-real
150000,4,400000,1,11.754,1.7276,0.0,0.0069,1,milan-real
150000,4,450000,1,11.619,1.6779,0.0,0.0,0,milan-real
150000,4,500000,1,11.777,1.6869,0.0,0.0,0,milan-real
150000,4,550000,1,11.65,1.6697,0.0,0.0,0,milan-real
150000,4,600000,1,11.488,1.6524,0.0,0.0,0,milan-real
150000,4,650000,1,11.058,1.5904,0.0,0.0,0,milan-real
150000,4,700000,1,11.583,1.6627,0.0,0.0,0,milan-real
150000,4,750000,1,10.728,1.5512,0.0,0.0,0,milan-real
150000,4,800000,1,11.065,1.5946,0.0,0.0,0,milan-real
150000,4,850000,1,11.162,1.6076,0.0,0.0,0,milan-real
150000,4,900000,1,10.896,1.5689,0.0,0.0,0,milan-real
150000,4,950000,1,11.024,1.587,0.0,0.0,0,milan-real
150000,4,1000000,1,10.885,1.5656,0.0,0.0,0,milan-real
150000,2,50000,0,15.05,2.3787,0.0,0.0556,33,milan-real
150000,2,100000,0,19.933,3.1543,0.0,0.0139,25,milan-real
150000,2,150000,1,14.696,2.3268,0.0,0.0417,6,milan-real
150000,2,200000,1,5.746,1.366,0.6458,0.9236,133,milan-real
150000,2,250000,1,7.417,1.4062,0.5903,0.7569,109,milan-real
150000,2,300000,1,8.913,1.5019,0.4306,0.5486,79,milan-real
150000,2,350000,1,9.351,1.5361,0.2917,0.4583,66,milan-real
150000,2,400000,1,10.385,1.6235,0.0972,0.1736,25,milan-real
150000,2,450000,1,11.368,1.6884,0.0,0.0069,1,milan-real
150000,2,500000,1,11.547,1.7044,0.0,0.0,0,milan-real
150000,2,550000,1,10.974,1.6178,0.0,0.0,0,milan-real
150000,2,600000,1,11.19,1.6445,0.0,0.0,0,milan-real
150000,2,650000,1,11.171,1.6458,0.0,0.0,0,milan-real
150000,2,700000,1,11.142,1.6439,0.0,0.0,0,milan-real
150000,2,750000,1,11.211,1.6537,0.0,0.0,0,milan-real
150000,2,800000,1,11.306,1.6614,0.0,0.0,0,milan-real
150000,2,850000,1,10.905,1.6031,0.0,0.0,0,milan-real
150000,2,900000,1,11.067,1.6264,0.0,0.0,0,milan-real
150000,2,950000,1,11.096,1.6304,0.0,0.0,0,milan-real
150000,2,1000000,1,11.015,1.6202,0.0,0.0,0,milan-real
150000,0,50000,0,20.885,3.3714,0.0,0.2708,62,milan-real
150000,0,100000,0,20.205,3.2633,0.0,0.2222,55,milan-real
150000,0,150000,1,18.487,3.046,0.0764,0.2083,30,milan-real
150000,0,200000,1,4.19,1.3538,0.75,0.9722,140,milan-real
150000,0,250000,1,5.059,1.3728,0.6528,0.8889,128,milan-real
150000,0,300000,1,6.257,1.4268,0.4653,0.7639,110,milan-real
150000,0,350000,1,6.451,1.447,0.4028,0.7361,106,milan-real
150000,0,400000,1,7.36,1.4915,0.2986,0.6181,89,milan-real
150000,0,450000,1,7.906,1.5327,0.25,0.5417,78,milan-real
150000,0,500000,1,8.329,1.561,0.2361,0.4861,70,milan-real
150000,0,550000,1,8.615,1.5748,0.2292,0.4861,70,milan-real
150000,0,600000,1,9.172,1.5989,0.2083,0.4375,63,milan-real
150000,0,650000,1,10.116,1.6871,0.1528,0.3333,48,milan-real
150000,0,700000,1,10.083,1.6471,0.1389,0.3056,44,milan-real
150000,0,750000,1,10.377,1.6544,0.1389,0.2778,40,milan-real
150000,0,800000,1,10.763,1.6805,0.1181,0.2014,29,milan-real
150000,0,850000,1,10.748,1.6627,0.1181,0.1944,28,milan-real
150000,0,900000,1,11.071,1.696,0.0833,0.1458,21,milan-real
150000,0,950000,1,11.088,1.69,0.0764,0.1042,15,milan-real
150000,0,1000000,1,11.111,1.6868,0.0694,0.1111,16,milan-real
150000,5,50000,0,20.686,3.3403,0.0,0.25,61,milan-real
150000,5,100000,0,21.712,3.5066,0.0,0.1944,53,milan-real
150000,5,150000,1,18.952,3.14,0.1111,0.2014,29,milan-real
150000,5,200000,1,3.694,1.3504,0.7778,0.9931,143,milan-real
150000,5,250000,1,4.377,1.365,0.6806,0.9236,133,milan-real
150000,5,300000,1,5.085,1.3927,0.5694,0.8264,119,milan-real
150000,5,350000,1,6.156,1.455,0.3889,0.7153,103,milan-real
150000,5,400000,1,6.677,1.4652,0.375,0.6875,99,milan-real
150000,5,450000,1,6.974,1.491,0.2847,0.6597,95,milan-real
150000,5,500000,1,7.717,1.5471,0.1944,0.5556,80,milan-real
150000,5,550000,1,8.026,1.5339,0.2014,0.5347,77,milan-real
150000,5,600000,1,8.166,1.5359,0.1667,0.5278,76,milan-real
150000,5,650000,1,8.059,1.5324,0.1736,0.5278,76,milan-real
150000,5,700000,1,8.913,1.57,0.1458,0.4583,66,milan-real
150000,5,750000,1,9.426,1.5883,0.1181,0.3958,57,milan-real
150000,5,800000,1,9.831,1.5763,0.1181,0.3819,55,milan-real
150000,5,850000,1,10.411,1.5778,0.0208,0.2847,41,milan-real
150000,5,900000,1,10.705,1.5753,0.0417,0.1389,20,milan-real
150000,5,950000,1,11.411,1.6569,0.0,0.0139,2,milan-real
150000,5,1000000,1,11.191,1.622,0.0069,0.0417,6,milan-real
150000,6,50000,0,22.062,3.5581,0.0,0.2014,51,milan-real
150000,6,100000,0,21.6,3.4855,0.0,0.2083,48,milan-real
150000,6,150000,1,19.49,3.2155,0.0833,0.1875,27,milan-real
150000,6,200000,1,3.408,1.35,0.7847,1.0,144,milan-real
150000,6,250000,1,4.198,1.3551,0.75,0.9653,139,milan-real
150000,6,300000,1,5.258,1.3759,0.6389,0.8681,125,milan-real
150000,6,350000,1,5.911,1.412,0.4861,0.7917,114,milan-real
150000,6,400000,1,6.377,1.4415,0.4236,0.7292,105,milan-real
150000,6,450000,1,7.124,1.4935,0.2639,0.6181,89,milan-real
150000,6,500000,1,7.64,1.5137,0.2639,0.5556,80,milan-real
150000,6,550000,1,8.031,1.5424,0.2014,0.4722,68,milan-real
150000,6,600000,1,7.871,1.5275,0.1944,0.4931,71,milan-real
150000,6,650000,1,7.545,1.4877,0.2361,0.5486,79,milan-real
150000,6,700000,1,7.604,1.4906,0.2083,0.5208,75,milan-real
150000,6,750000,1,8.317,1.5535,0.1806,0.4653,67,milan-real
150000,6,800000,1,9.101,1.5959,0.1806,0.375,54,milan-real
150000,6,850000,1,8.614,1.5384,0.1736,0.4097,59,milan-real
150000,6,900000,1,8.483,1.5203,0.1736,0.4236,61,milan-real
150000,6,950000,1,8.276,1.5033,0.1806,0.4444,64,milan-real
150000,6,1000000,1,9.008,1.5644,0.1736,0.375,54,milan-real
150000,1,50000,0,22.534,3.6299,0.0,0.1667,44,milan-real
150000,1,100000,0,23.181,3.7386,0.0,0.1597,41,milan-real
150000,1,150000,1,20.162,3.3385,0.1042,0.1944,28,milan-real
150000,1,200000,1,4.151,1.3583,0.7292,0.9583,138,milan-real
150000,1,250000,1,4.647,1.3633,0.7014,0.9236,133,milan-real
150000,1,300000,1,5.241,1.3846,0.6042,0.8403,121,milan-real
150000,1,350000,1,6.024,1.4266,0.5,0.7569,109,milan-real
150000,1,400000,1,6.267,1.4506,0.3819,0.7083,102,milan-real
150000,1,450000,1,7.21,1.4781,0.3056,0.6389,92,milan-real
150000,1,500000,1,7.347,1.5257,0.2222,0.5556,80,milan-real
150000,1,550000,1,8.105,1.5372,0.2153,0.5139,74,milan-real
150000,1,600000,1,8.432,1.5675,0.1875,0.4722,68,milan-real
150000,1,650000,1,8.73,1.5704,0.1875,0.4236,61,milan-real
150000,1,700000,1,9.146,1.5985,0.1806,0.3958,57,milan-real
150000,1,750000,1,8.988,1.5538,0.1875,0.3958,57,milan-real
150000,1,800000,1,8.982,1.5312,0.1806,0.3542,51,milan-real
150000,1,850000,1,9.44,1.5763,0.1667,0.3194,46,milan-real
150000,1,900000,1,9.282,1.5466,0.1597,0.3056,44,milan-real
150000,1,950000,1,9.982,1.6169,0.1528,0.2708,39,milan-real
150000,1,1000000,1,9.481,1.5507,0.1597,0.3056,44,milan-real
150000,3,50000,0,22.378,3.606,0.0,0.1944,49,milan-real
150000,3,100000,0,21.41,3.454,0.0,0.2153,49,milan-real
150000,3,150000,1,20.458,3.3827,0.0833,0.1806,26,milan-real
150000,3,200000,1,3.886,1.3509,0.7708,0.9931,143,milan-real
150000,3,250000,1,4.334,1.3544,0.75,0.9722,140,milan-real
150000,3,300000,1,5.363,1.373,0.6458,0.8681,125,milan-real
150000,3,350000,1,5.692,1.4,0.5278,0.7986,115,milan-real
150000,3,400000,1,6.597,1.4257,0.5139,0.75,108,milan-real
150000,3,450000,1,7.245,1.4782,0.3333,0.6667,96,milan-real
150000,3,500000,1,7.521,1.4941,0.3125,0.5972,86,milan-real
150000,3,550000,1,7.826,1.5139,0.2639,0.5486,79,milan-real
150000,3,600000,1,8.213,1.547,0.2222,0.5139,74,milan-real
150000,3,650000,1,9.124,1.6172,0.1736,0.4167,60,milan-real
150000,3,700000,1,9.541,1.6307,0.1736,0.3611,52,milan-real
150000,3,750000,1,9.741,1.6238,0.1667,0.3611,52,milan-real
150000,3,800000,1,10.06,1.6179,0.1597,0.3056,44,milan-real
150000,3,850000,1,11.001,1.6804,0.1042,0.1736,25,milan-real
150000,3,900000,1,10.62,1.617,0.1111,0.1667,24,milan-real
150000,3,950000,1,11.051,1.6551,0.0972,0.1389,20,milan-real
150000,3,1000000,1,11.544,1.7103,0.0417,0.0625,9,milan-real
300000,2,50000,0,15.05,2.3787,0.0,0.0556,33,milan-real
300000,2,100000,0,19.933,3.1543,0.0,0.0139,25,milan-real
300000,2,150000,0,14.693,2.3183,0.0,0.0417,30,milan-real
300000,2,200000,0,13.369,2.1062,0.0,0.0417,30,milan-real
300000,2,250000,0,12.934,2.0296,0.0,0.0486,28,milan-real
300000,2,300000,1,13.125,2.0265,0.0,0.0347,5,milan-real
300000,2,350000,1,11.118,1.6637,0.0,0.0,0,milan-real
300000,2,400000,1,11.246,1.6612,0.0,0.0,0,milan-real
300000,2,450000,1,11.768,1.7299,0.0,0.0,0,milan-real
300000,2,500000,1,11.847,1.7466,0.0,0.0,0,milan-real
300000,2,550000,1,11.173,1.6452,0.0,0.0,0,milan-real
300000,2,600000,1,10.807,1.589,0.0,0.0,0,milan-real
300000,2,650000,1,10.956,1.6106,0.0,0.0,0,milan-real
300000,2,700000,1,11.218,1.6492,0.0,0.0,0,milan-real
300000,2,750000,1,11.002,1.6192,0.0,0.0,0,milan-real
300000,2,800000,1,10.982,1.6156,0.0,0.0,0,milan-real
300000,2,850000,1,11.418,1.6825,0.0,0.0,0,milan-real
300000,2,900000,1,10.917,1.6066,0.0,0.0,0,milan-real
300000,2,950000,1,10.773,1.5826,0.0,0.0,0,milan-real
300000,2,1000000,1,10.887,1.5989,0.0,0.0,0,milan-real
300000,0,50000,0,20.885,3.3714,0.0,0.2708,62,milan-real
300000,0,100000,0,20.205,3.2633,0.0,0.2222,55,milan-real
300000,0,150000,0,18.487,2.9723,0.0,0.2083,41,milan-real
300000,0,200000,0,17.074,2.7339,0.0,0.1181,27,milan-real
300000,0,250000,0,17.125,2.7242,0.0,0.0486,18,milan-real
300000,0,300000,1,16.795,2.6643,0.0,0.0417,6,milan-real
300000,0,350000,1,8.999,1.5469,0.1806,0.4861,70,milan-real
300000,0,400000,1,10.3,1.6646,0.1181,0.3194,46,milan-real
300000,0,450000,1,10.574,1.6758,0.1111,0.2708,39,milan-real
300000,0,500000,1,11.136,1.7124,0.0347,0.1667,24,milan-real
300000,0,550000,1,11.042,1.679,0.0486,0.1667,24,milan-real
300000,0,600000,1,11.295,1.6966,0.0347,0.0556,8,milan-real
300000,0,650000,1,11.581,1.7217,0.0139,0.0208,3,milan-real
300000,0,700000,1,11.102,1.6436,0.0417,0.0625,9,milan-real
300000,0,750000,1,11.101,1.6395,0.0486,0.0694,10,milan-real
300000,0,800000,1,11.821,1.7392,0.0139,0.0208,3,milan-real
300000,0,850000,1,11.19,1.6506,0.0347,0.0556,8,milan-real
300000,0,900000,1,11.712,1.7261,0.0,0.0208,3,milan-real
300000,0,950000,1,11.411,1.6832,0.0069,0.0139,2,milan-real
300000,0,1000000,1,11.364,1.6758,0.0139,0.0278,4,milan-real
300000,1,50000,0,22.534,3.6299,0.0,0.1667,44,milan-real
300000,1,100000,0,23.181,3.7386,0.0,0.1597,41,milan-real
300000,1,150000,0,20.188,3.2527,0.0,0.1944,45,milan-real
300000,1,200000,0,18.814,3.0181,0.0,0.1458,34,milan-real
300000,1,250000,0,17.699,2.8242,0.0,0.0694,19,milan-real
300000,1,300000,1,17.338,2.7616,0.0,0.0556,8,milan-real
300000,1,350000,1,9.144,1.5471,0.2222,0.4861,70,milan-real
300000,1,400000,1,8.933,1.5275,0.1875,0.4792,69,milan-real
300000,1,450000,1,10.615,1.6545,0.0833,0.2014,29,milan-real
300000,1,500000,1,10.964,1.6618,0.0625,0.1806,26,milan-real
300000,1,550000,1,11.553,1.7144,0.0139,0.0486,7,milan-real
300000,1,600000,1,11.306,1.6698,0.0208,0.0417,6,milan-real
300000,1,650000,1,11.295,1.6631,0.0069,0.0347,5,milan-real
300000,1,700000,1,11.571,1.7015,0.0069,0.0278,4,milan-real
300000,1,750000,1,11.446,1.6839,0.0069,0.0278,4,milan-real
300000,1,800000,1,11.508,1.6899,0.0069,0.0278,4,milan-real
300000,1,850000,1,11.434,1.6814,0.0069,0.0278,4,milan-real
300000,1,900000,1,11.621,1.7033,0.0069,0.0278,4,milan-real
300000,1,950000,1,11.529,1.6829,0.0069,0.0278,4,milan-real
300000,1,1000000,1,11.219,1.6444,0.0069,0.0278,4,milan-real
300000,4,50000,0,19.679,3.1127,0.0,0.0139,29,milan-real
300000,4,100000,0,16.795,2.659,0.0,0.0486,33,milan-real
300000,4,150000,0,15.78,2.4962,0.0,0.0417,31,milan-real
300000,4,200000,0,14.024,2.2105,0.0,0.0417,31,milan-real
300000,4,250000,0,13.452,2.1111,0.0,0.0417,31,milan-real
300000,4,300000,1,12.938,2.0131,0.0069,0.0347,5,milan-real
300000,4,350000,1,10.498,1.5873,0.0486,0.0972,14,milan-real
300000,4,400000,1,11.466,1.6778,0.0,0.0,0,milan-real
300000,4,450000,1,11.703,1.7071,0.0,0.0,0,milan-real
300000,4,500000,1,11.439,1.6657,0.0,0.0,0,milan-real
300000,4,550000,1,11.482,1.6843,0.0,0.0,0,milan-real
300000,4,600000,1,11.199,1.6413,0.0,0.0,0,milan-real
300000,4,650000,1,10.989,1.613,0.0,0.0,0,milan-real
300000,4,700000,1,11.565,1.698,0.0,0.0,0,milan-real
300000,4,750000,1,11.253,1.6546,0.0,0.0,0,milan-real
300000,4,800000,1,11.112,1.6321,0.0,0.0,0,milan-real
300000,4,850000,1,11.348,1.669,0.0,0.0,0,milan-real
300000,4,900000,1,10.709,1.5729,0.0,0.0,0,milan-real
300000,4,950000,1,11.261,1.6547,0.0,0.0,0,milan-real
300000,4,1000000,1,10.97,1.6116,0.0,0.0,0,milan-real
300000,7,50000,0,17.651,2.7923,0.0,0.0486,34,milan-real
300000,7,100000,0,17.517,2.7757,0.0,0.0694,33,milan-real
300000,7,150000,0,13.907,2.1969,0.0,0.0625,32,milan-real
300000,7,200000,0,14.106,2.2245,0.0,0.0417,29,milan-real
300000,7,250000,0,12.316,1.9338,0.0,0.0833,36,milan-real
300000,7,300000,1,12.229,1.8987,0.0,0.0417,6,milan-real
300000,7,350000,1,10.882,1.6378,0.0417,0.0833,12,milan-real
300000,7,400000,1,11.431,1.6778,0.0,0.0069,1,milan-real
300000,7,450000,1,11.267,1.649,0.0,0.0069,1,milan-real
300000,7,500000,1,11.297,1.6567,0.0,0.0,0,milan-real
300000,7,550000,1,11.056,1.6276,0.0,0.0,0,milan-real
300000,7,600000,1,10.983,1.6122,0.0,0.0,0,milan-real
300000,7,650000,1,11.032,1.6223,0.0,0.0,0,milan-real
300000,7,700000,1,10.953,1.6061,0.0,0.0,0,milan-real
300000,7,750000,1,10.976,1.6062,0.0,0.0,0,milan-real
300000,7,800000,1,11.214,1.6455,0.0,0.0,0,milan-real
300000,7,850000,1,10.938,1.6002,0.0,0.0,0,milan-real
300000,7,900000,1,11.02,1.6127,0.0,0.0,0,milan-real
300000,7,950000,1,10.626,1.5578,0.0,0.0,0,milan-real
300000,7,1000000,1,11.097,1.626,0.0,0.0,0,milan-real
300000,5,50000,0,20.686,3.3403,0.0,0.25,61,milan-real
300000,5,100000,0,21.712,3.5066,0.0,0.1944,53,milan-real
300000,5,150000,0,18.969,3.0544,0.0,0.2014,45,milan-real
300000,5,200000,0,17.444,2.7972,0.0,0.1944,40,milan-real
300000,5,250000,0,17.873,2.842,0.0,0.0486,11,milan-real
300000,5,300000,1,16.743,2.6509,0.0,0.0486,7,milan-real
300000,5,350000,1,9.267,1.556,0.1875,0.4861,70,milan-real
300000,5,400000,1,10.467,1.6071,0.1319,0.3264,47,milan-real
300000,5,450000,1,11.168,1.6287,0.0625,0.1319,19,milan-real
300000,5,500000,1,12.052,1.7417,0.0,0.0069,1,milan-real
300000,5,550000,1,11.793,1.7035,0.0,0.0069,1,milan-real
300000,5,600000,1,11.634,1.6822,0.0,0.0069,1,milan-real
300000,5,650000,1,11.355,1.6409,0.0,0.0139,2,milan-real
300000,5,700000,1,11.419,1.6567,0.0,0.0208,3,milan-real
300000,5,750000,1,11.685,1.6892,0.0,0.0069,1,milan-real
300000,5,800000,1,11.587,1.6761,0.0,0.0069,1,milan-real
300000,5,850000,1,11.185,1.618,0.0069,0.0139,2,milan-real
300000,5,900000,1,11.641,1.6784,0.0,0.0139,2,milan-real
300000,5,950000,1,11.028,1.5969,0.0069,0.0139,2,milan-real
300000,5,1000000,1,11.208,1.6226,0.0069,0.0208,3,milan-real
300000,3,50000,0,22.378,3.606,0.0,0.1944,49,milan-real
300000,3,100000,0,21.41,3.454,0.0,0.2153,49,milan-real
300000,3,150000,0,20.464,3.2989,0.0,0.1875,41,milan-real
300000,3,200000,0,18.372,2.9529,0.0,0.1944,39,milan-real
300000,3,250000,0,17.82,2.8506,0.0,0.0972,20,milan-real
300000,3,300000,1,17.762,2.8537,0.0,0.0694,10,milan-real
300000,3,350000,1,7.999,1.4782,0.3403,0.6042,87,milan-real
300000,3,400000,1,9.036,1.5489,0.2917,0.5139,74,milan-real
300000,3,450000,1,9.39,1.572,0.2153,0.4514,65,milan-real
300000,3,500000,1,10.032,1.6179,0.1875,0.3611,52,milan-real
300000,3,550000,1,10.625,1.6585,0.1042,0.2569,37,milan-real
300000,3,600000,1,10.837,1.6514,0.0764,0.1806,26,milan-real
300000,3,650000,1,11.282,1.6924,0.0556,0.0833,12,milan-real
300000,3,700000,1,11.244,1.6687,0.0417,0.0694,10,milan-real
300000,3,750000,1,11.756,1.7337,0.0139,0.0278,4,milan-real
300000,3,800000,1,11.643,1.7096,0.0069,0.0139,2,milan-real
300000,3,850000,1,12.226,1.7921,0.0069,0.0208,3,milan-real
300000,3,900000,1,11.344,1.6628,0.0069,0.0208,3,milan-real
300000,3,950000,1,11.794,1.7217,0.0069,0.0139,2,milan-real
300000,3,1000000,1,11.385,1.6647,0.0069,0.0208,3,milan-real
300000,6,50000,0,22.062,3.5581,0.0,0.2014,51,milan-real
300000,6,100000,0,21.6,3.4855,0.0,0.2083,48,milan-real
300000,6,150000,0,19.532,3.144,0.0,0.1875,40,milan-real
300000,6,200000,0,17.672,2.8332,0.0,0.1528,30,milan-real
300000,6,250000,0,17.698,2.8234,0.0,0.0694,11,milan-real
300000,6,300000,1,16.775,2.6788,0.0,0.0694,10,milan-real
300000,6,350000,1,8.473,1.5113,0.2986,0.5833,84,milan-real
300000,6,400000,1,9.075,1.5585,0.2014,0.4722,68,milan-real
300000,6,450000,1,9.501,1.5647,0.1806,0.4028,58,milan-real
300000,6,500000,1,10.299,1.6388,0.1042,0.2569,37,milan-real
300000,6,550000,1,10.543,1.6446,0.0972,0.1806,26,milan-real
300000,6,600000,1,10.95,1.6697,0.0556,0.125,18,milan-real
300000,6,650000,1,10.791,1.6267,0.0347,0.0903,13,milan-real
300000,6,700000,1,11.449,1.6963,0.0208,0.0556,8,milan-real
300000,6,750000,1,11.339,1.6618,0.0139,0.0625,9,milan-real
300000,6,800000,1,11.875,1.724,0.0139,0.0417,6,milan-real
300000,6,850000,1,11.261,1.6347,0.0347,0.0694,10,milan-real
300000,6,900000,1,11.551,1.6729,0.0139,0.0417,6,milan-real
300000,6,950000,1,11.646,1.6865,0.0139,0.0417,6,milan-real
300000,6,1000000,1,11.315,1.6427,0.0347,0.0556,8,milan-real
500000,2,50000,0,15.05,2.3787,0.0,0.0556,33,milan-real
500000,2,100000,0,19.933,3.1543,0.0,0.0139,25,milan-real
500000,2,150000,0,14.693,2.3183,0.0,0.0417,30,milan-real
500000,2,200000,0,13.369,2.1062,0.0,0.0417,30,milan-real
500000,2,250000,0,12.934,2.0296,0.0,0.0486,28,milan-real
500000,2,300000,0,13.131,2.0279,0.0,0.0347,20,milan-real
500000,2,350000,0,12.212,1.8306,0.0,0.0,8,milan-real
500000,2,400000,0,12.239,1.8099,0.0,0.0,8,milan-real
500000,2,450000,0,11.894,1.75,0.0,0.0,1,milan-real
500000,2,500000,1,11.588,1.7077,0.0,0.0,0,milan-real
500000,2,550000,1,11.177,1.6462,0.0,0.0,0,milan-real
500000,2,600000,1,11.164,1.6401,0.0,0.0,0,milan-real
500000,2,650000,1,10.832,1.5933,0.0,0.0,0,milan-real
500000,2,700000,1,11.214,1.655,0.0,0.0,0,milan-real
500000,2,750000,1,10.756,1.5853,0.0,0.0,0,milan-real
500000,2,800000,1,11.698,1.7231,0.0,0.0,0,milan-real
500000,2,850000,1,11.113,1.6378,0.0,0.0,0,milan-real
500000,2,900000,1,11.221,1.6522,0.0,0.0,0,milan-real
500000,2,950000,1,10.943,1.6103,0.0,0.0,0,milan-real
500000,2,1000000,1,11.079,1.6273,0.0,0.0,0,milan-real
500000,0,50000,0,20.885,3.3714,0.0,0.2708,62,milan-real
500000,0,100000,0,20.205,3.2633,0.0,0.2222,55,milan-real
500000,0,150000,0,18.487,2.9723,0.0,0.2083,41,milan-real
500000,0,200000,0,17.074,2.7339,0.0,0.1181,27,milan-real
500000,0,250000,0,17.125,2.7242,0.0,0.0486,18,milan-real
500000,0,300000,0,16.8,2.6576,0.0,0.0417,13,milan-real
500000,0,350000,0,16.096,2.5396,0.0,0.0556,17,milan-real
500000,0,400000,0,15.043,2.357,0.0,0.0556,11,milan-real
500000,0,450000,0,14.024,2.181,0.0,0.0486,11,milan-real
500000,0,500000,1,13.967,2.1627,0.0,0.0139,2,milan-real
500000,0,550000,1,11.193,1.7288,0.0278,0.1389,20,milan-real
500000,0,600000,1,11.119,1.7092,0.0139,0.1319,19,milan-real
500000,0,650000,1,11.666,1.7818,0.0,0.1042,15,milan-real
500000,0,700000,1,11.398,1.7422,0.0,0.1111,16,milan-real
500000,0,750000,1,11.805,1.798,0.0,0.0556,8,milan-real
500000,0,800000,1,11.59,1.7687,0.0,0.0625,9,milan-real
500000,0,850000,1,11.457,1.7481,0.0,0.0764,11,milan-real
500000,0,900000,1,12.057,1.8337,0.0,0.0556,8,milan-real
500000,0,950000,1,11.197,1.708,0.0,0.0972,14,milan-real
500000,0,1000000,1,11.446,1.743,0.0,0.1111,16,milan-real
500000,4,50000,0,19.679,3.1127,0.0,0.0139,29,milan-real
500000,4,100000,0,16.795,2.659,0.0,0.0486,33,milan-real
500000,4,150000,0,15.78,2.4962,0.0,0.0417,31,milan-real
500000,4,200000,0,14.024,2.2105,0.0,0.0417,31,milan-real
500000,4,250000,0,13.452,2.1111,0.0,0.0417,31,milan-real
500000,4,300000,0,12.927,2.0078,0.0,0.0347,30,milan-real
500000,4,350000,0,12.942,1.9574,0.0,0.0,21,milan-real
500000,4,400000,0,12.154,1.7956,0.0,0.0,13,milan-real
500000,4,450000,0,12.033,1.7816,0.0,0.0,8,milan-real
500000,4,500000,1,11.415,1.6812,0.0,0.0,0,milan-real
500000,4,550000,1,11.31,1.6659,0.0,0.0,0,milan-real
500000,4,600000,1,11.383,1.6749,0.0,0.0,0,milan-real
500000,4,650000,1,11.032,1.6143,0.0,0.0,0,milan-real
500000,4,700000,1,11.173,1.6351,0.0,0.0,0,milan-real
500000,4,750000,1,10.92,1.6004,0.0,0.0,0,milan-real
500000,4,800000,1,11.12,1.6376,0.0,0.0,0,milan-real
500000,4,850000,1,11.106,1.6324,0.0,0.0,0,milan-real
500000,4,900000,1,11.057,1.6269,0.0,0.0,0,milan-real
500000,4,950000,1,11.121,1.6325,0.0,0.0,0,milan-real
500000,4,1000000,1,10.942,1.6054,0.0,0.0,0,milan-real
500000,1,50000,0,22.534,3.6299,0.0,0.1667,44,milan-real
500000,1,100000,0,23.181,3.7386,0.0,0.1597,41,milan-real
500000,1,150000,0,20.188,3.2527,0.0,0.1944,45,milan-real
500000,1,200000,0,18.814,3.0181,0.0,0.1458,34,milan-real
500000,1,250000,0,17.699,2.8242,0.0,0.0694,19,milan-real
500000,1,300000,0,17.346,2.7522,0.0,0.0556,17,milan-real
500000,1,350000,0,16.932,2.6733,0.0,0.0764,19,milan-real
500000,1,400000,0,17.632,2.7614,0.0,0.0417,6,milan-real
500000,1,450000,0,17.192,2.6898,0.0,0.0486,9,milan-real
500000,1,500000,1,17.698,2.7671,0.0,0.0347,5,milan-real
500000,1,550000,1,16.186,2.5478,0.0,0.0972,14,milan-real
500000,1,600000,1,15.444,2.4345,0.0,0.1181,17,milan-real
500000,1,650000,1,14.847,2.3086,0.0,0.0972,14,milan-real
500000,1,700000,1,14.427,2.2029,0.0,0.0417,6,milan-real
500000,1,750000,1,12.344,1.87,0.0069,0.0556,8,milan-real
500000,1,800000,1,11.724,1.7562,0.0069,0.0486,7,milan-real
500000,1,850000,1,11.841,1.7636,0.0069,0.0486,7,milan-real
500000,1,900000,1,11.459,1.7056,0.0139,0.0486,7,milan-real
500000,1,950000,1,11.585,1.715,0.0139,0.0417,6,milan-real
500000,1,1000000,1,11.942,1.7634,0.0069,0.0347,5,milan-real
500000,5,50000,0,20.686,3.3403,0.0,0.25,61,milan-real
500000,5,100000,0,21.712,3.5066,0.0,0.1944,53,milan-real
500000,5,150000,0,18.969,3.0544,0.0,0.2014,45,milan-real
500000,5,200000,0,17.444,2.7972,0.0,0.1944,40,milan-real
500000,5,250000,0,17.873,2.842,0.0,0.0486,11,milan-real
500000,5,300000,0,16.749,2.6449,0.0,0.0486,11,milan-real
500000,5,350000,0,17.189,2.6824,0.0,0.0139,5,milan-real
500000,5,400000,0,16.498,2.5381,0.0,0.0069,4,milan-real
500000,5,450000,0,15.876,2.4256,0.0,0.0,3,milan-real
500000,5,500000,1,15.525,2.3582,0.0,0.0,0,milan-real
500000,5,550000,1,12.453,1.8499,0.0,0.0069,1,milan-real
500000,5,600000,1,11.735,1.7207,0.0,0.0347,5,milan-real
500000,5,650000,1,11.581,1.6902,0.0,0.0139,2,milan-real
500000,5,700000,1,11.691,1.7103,0.0,0.0,0,milan-real
500000,5,750000,1,11.743,1.7131,0.0,0.0,0,milan-real
500000,5,800000,1,11.599,1.6959,0.0,0.0,0,milan-real
500000,5,850000,1,11.381,1.6656,0.0,0.0,0,milan-real
500000,5,900000,1,11.637,1.6993,0.0,0.0,0,milan-real
500000,5,950000,1,10.901,1.5987,0.0,0.0139,2,milan-real
500000,5,1000000,1,11.16,1.6359,0.0,0.0,0,milan-real
500000,7,50000,0,17.651,2.7923,0.0,0.0486,34,milan-real
500000,7,100000,0,17.517,2.7757,0.0,0.0694,33,milan-real
500000,7,150000,0,13.907,2.1969,0.0,0.0625,32,milan-real
500000,7,200000,0,14.106,2.2245,0.0,0.0417,29,milan-real
500000,7,250000,0,12.316,1.9338,0.0,0.0833,36,milan-real
500000,7,300000,0,12.242,1.8945,0.0,0.0417,26,milan-real
500000,7,350000,0,12.376,1.8629,0.0,0.0,15,milan-real
500000,7,400000,0,12.184,1.8123,0.0,0.0,5,milan-real
500000,7,450000,0,12.018,1.778,0.0,0.0,2,milan-real
500000,7,500000,1,11.399,1.6783,0.0,0.0,0,milan-real
500000,7,550000,1,11.18,1.6478,0.0,0.0,0,milan-real
500000,7,600000,1,10.845,1.5938,0.0,0.0,0,milan-real
500000,7,650000,1,10.822,1.5907,0.0,0.0,0,milan-real
500000,7,700000,1,11.452,1.6802,0.0,0.0,0,milan-real
500000,7,750000,1,10.918,1.5983,0.0,0.0,0,milan-real
500000,7,800000,1,11.105,1.6303,0.0,0.0,0,milan-real
500000,7,850000,1,11.512,1.6863,0.0,0.0,0,milan-real
500000,7,900000,1,11.199,1.64,0.0,0.0,0,milan-real
500000,7,950000,1,10.85,1.5904,0.0,0.0,0,milan-real
500000,7,1000000,1,10.943,1.6049,0.0,0.0,0,milan-real
500000,3,50000,0,22.378,3.606,0.0,0.1944,49,milan-real
500000,3,100000,0,21.41,3.454,0.0,0.2153,49,milan-real
500000,3,150000,0,20.464,3.2989,0.0,0.1875,41,milan-real
500000,3,200000,0,18.372,2.9529,0.0,0.1944,39,milan-real
500000,3,250000,0,17.82,2.8506,0.0,0.0972,20,milan-real
500000,3,300000,0,17.774,2.8368,0.0,0.0694,17,milan-real
500000,3,350000,0,17.268,2.7434,0.0,0.0625,17,milan-real
500000,3,400000,0,16.618,2.6333,0.0,0.0903,13,milan-real
500000,3,450000,0,16.907,2.665,0.0,0.0625,9,milan-real
500000,3,500000,1,16.568,2.6074,0.0,0.0486,7,milan-real
500000,3,550000,1,13.911,2.1861,0.0069,0.1319,19,milan-real
500000,3,600000,1,12.698,1.9462,0.0208,0.0625,9,milan-real
500000,3,650000,1,11.714,1.7665,0.0208,0.0556,8,milan-real
500000,3,700000,1,11.39,1.6991,0.0069,0.0486,7,milan-real
500000,3,750000,1,12.223,1.8043,0.0069,0.0278,4,milan-real
500000,3,800000,1,11.377,1.672,0.0208,0.0486,7,milan-real
500000,3,850000,1,11.542,1.6964,0.0069,0.0417,6,milan-real
500000,3,900000,1,10.958,1.6126,0.0208,0.0903,13,milan-real
500000,3,950000,1,11.866,1.7325,0.0069,0.0208,3,milan-real
500000,3,1000000,1,12.313,1.7933,0.0069,0.0139,2,milan-real
500000,6,50000,0,22.062,3.5581,0.0,0.2014,51,milan-real
500000,6,100000,0,21.6,3.4855,0.0,0.2083,48,milan-real
500000,6,150000,0,19.532,3.144,0.0,0.1875,40,milan-real
500000,6,200000,0,17.672,2.8332,0.0,0.1528,30,milan-real
500000,6,250000,0,17.698,2.8234,0.0,0.0694,11,milan-real
500000,6,300000,0,16.789,2.6647,0.0,0.0625,10,milan-real
500000,6,350000,0,16.333,2.5775,0.0,0.0486,8,milan-real
500000,6,400000,0,16.604,2.6081,0.0,0.0417,6,milan-real
500000,6,450000,0,15.468,2.4206,0.0,0.0417,6,milan-real
500000,6,500000,1,14.808,2.3027,0.0,0.0347,5,milan-real
500000,6,550000,1,11.244,1.7485,0.0278,0.1389,20,milan-real
500000,6,600000,1,10.306,1.6007,0.0486,0.1806,26,milan-real
500000,6,650000,1,10.495,1.6096,0.0417,0.1736,25,milan-real
500000,6,700000,1,10.893,1.6537,0.0069,0.1181,17,milan-real
500000,6,750000,1,11.054,1.6708,0.0,0.1319,19,milan-real
500000,6,800000,1,11.393,1.7177,0.0069,0.0972,14,milan-real
500000,6,850000,1,11.233,1.6893,0.0069,0.0972,14,milan-real
500000,6,900000,1,11.428,1.7103,0.0,0.1042,15,milan-real
500000,6,950000,1,11.57,1.7246,0.0,0.0833,12,milan-real
500000,6,1000000,1,11.445,1.7079,0.0069,0.0486,7,milan-real
