headroom,seed,timestep,mean_req,alloc_ratio,frac_plateau,frac_below_hstar,crit
1.35,3,50000,3.716,1.35,0.3472,1.0,144
1.35,3,100000,6.553,1.3737,0.2778,0.9028,130
1.35,3,150000,9.198,1.5618,0.1806,0.4931,71
1.35,3,200000,10.669,1.7203,0.0833,0.2014,29
1.35,3,250000,10.848,1.7221,0.0625,0.1667,24
1.35,3,300000,11.336,1.7348,0.0069,0.0486,7
1.35,3,350000,11.95,1.7806,0.0,0.0,0
1.35,3,400000,12.116,1.7862,0.0,0.0,0
1.35,3,450000,11.419,1.6783,0.0,0.0,0
1.35,3,500000,11.491,1.6921,0.0,0.0,0
1.35,3,550000,10.995,1.6192,0.0,0.0,0
1.35,3,600000,11.218,1.6492,0.0,0.0,0
1.35,3,650000,11.171,1.6354,0.0,0.0,0
1.35,3,700000,11.254,1.6484,0.0,0.0,0
1.35,3,750000,11.273,1.6511,0.0,0.0,0
1.35,3,800000,11.266,1.6513,0.0,0.0,0
1.35,3,850000,10.967,1.6088,0.0,0.0,0
1.35,3,900000,11.165,1.6401,0.0,0.0,0
1.35,3,950000,10.956,1.6084,0.0,0.0,0
1.35,3,1000000,10.752,1.5779,0.0,0.0,0
1.35,5,50000,4.857,1.3521,0.3125,0.9861,142
1.35,5,100000,8.722,1.5372,0.2222,0.5625,81
1.35,5,150000,8.801,1.5072,0.1875,0.5556,80
1.35,5,200000,10.185,1.6529,0.125,0.3403,49
1.35,5,250000,10.71,1.6933,0.0486,0.2014,29
1.35,5,300000,12.366,1.8759,0.0069,0.0069,1
1.35,5,350000,11.824,1.7488,0.0,0.0,0
1.35,5,400000,11.407,1.6736,0.0,0.0,0
1.35,5,450000,11.545,1.6972,0.0,0.0,0
1.35,5,500000,11.332,1.6668,0.0,0.0,0
1.35,5,550000,11.362,1.6706,0.0,0.0,0
1.35,5,600000,11.485,1.687,0.0,0.0,0
1.35,5,650000,11.436,1.6817,0.0,0.0,0
1.35,5,700000,11.089,1.6275,0.0,0.0,0
1.35,5,750000,10.828,1.5839,0.0,0.0,0
1.35,5,800000,10.766,1.575,0.0,0.0,0
1.35,5,850000,11.494,1.6857,0.0,0.0,0
1.35,5,900000,11.172,1.6398,0.0,0.0,0
1.35,5,950000,10.973,1.6127,0.0,0.0,0
1.35,5,1000000,10.935,1.6052,0.0,0.0,0
1.35,2,50000,4.11,1.35,0.2847,1.0,144
1.35,2,100000,8.606,1.4957,0.1667,0.5625,81
1.35,2,150000,9.14,1.5428,0.1667,0.5,72
1.35,2,200000,10.245,1.6607,0.0972,0.2917,42
1.35,2,250000,11.636,1.822,0.0208,0.0972,14
1.35,2,300000,11.567,1.7409,0.0,0.0,0
1.35,2,350000,11.856,1.7547,0.0,0.0,0
1.35,2,400000,11.854,1.7473,0.0,0.0,0
1.35,2,450000,11.698,1.7197,0.0,0.0,0
1.35,2,500000,11.529,1.6953,0.0,0.0,0
1.35,2,550000,11.097,1.6277,0.0,0.0,0
1.35,2,600000,11.412,1.6723,0.0,0.0,0
1.35,2,650000,10.943,1.607,0.0,0.0,0
1.35,2,700000,11.459,1.6859,0.0,0.0,0
1.35,2,750000,11.308,1.6644,0.0,0.0,0
1.35,2,800000,11.344,1.6666,0.0,0.0,0
1.35,2,850000,11.055,1.6265,0.0,0.0,0
1.35,2,900000,11.115,1.6358,0.0,0.0,0
1.35,2,950000,11.553,1.7002,0.0,0.0,0
1.35,2,1000000,11.251,1.6525,0.0,0.0,0
1.35,1,50000,4.951,1.3539,0.3194,0.9792,141
1.35,1,100000,7.902,1.4547,0.2569,0.7014,101
1.35,1,150000,9.43,1.5833,0.1736,0.4375,63
1.35,1,200000,10.658,1.7189,0.0764,0.2153,31
1.35,1,250000,11.091,1.7473,0.0486,0.1597,23
1.35,1,300000,11.771,1.7777,0.0,0.0139,2
1.35,1,350000,11.801,1.7423,0.0,0.0,0
1.35,1,400000,11.306,1.6657,0.0,0.0,0
1.35,1,450000,11.673,1.7183,0.0,0.0,0
1.35,1,500000,11.418,1.6802,0.0,0.0,0
1.35,1,550000,11.554,1.6933,0.0,0.0,0
1.35,1,600000,11.136,1.6327,0.0,0.0,0
1.35,1,650000,10.739,1.5724,0.0,0.0,0
1.35,1,700000,11.417,1.6779,0.0,0.0,0
1.35,1,750000,11.18,1.6441,0.0,0.0,0
1.35,1,800000,11.141,1.6377,0.0,0.0,0
1.35,1,850000,11.018,1.6217,0.0,0.0,0
1.35,1,900000,10.923,1.6038,0.0,0.0,0
1.35,1,950000,11.026,1.6186,0.0,0.0,0
1.35,1,1000000,10.94,1.6039,0.0,0.0,0
1.35,7,50000,4.07,1.35,0.2778,1.0,144
1.35,7,100000,6.49,1.3923,0.2986,0.8333,120
1.35,7,150000,8.446,1.4821,0.2153,0.5903,85
1.35,7,200000,9.851,1.6041,0.125,0.3819,55
1.35,7,250000,11.048,1.7209,0.0347,0.1597,23
1.35,7,300000,11.086,1.6613,0.0208,0.0903,13
1.35,7,350000,11.932,1.7719,0.0,0.0069,1
1.35,7,400000,11.898,1.7558,0.0,0.0,0
1.35,7,450000,11.315,1.6653,0.0,0.0,0
1.35,7,500000,11.727,1.7229,0.0,0.0,0
1.35,7,550000,11.142,1.6398,0.0,0.0,0
1.35,7,600000,11.168,1.6383,0.0,0.0,0
1.35,7,650000,11.09,1.6332,0.0,0.0,0
1.35,7,700000,11.118,1.6278,0.0,0.0,0
1.35,7,750000,11.246,1.6471,0.0,0.0,0
1.35,7,800000,11.14,1.6344,0.0,0.0,0
1.35,7,850000,11.008,1.609,0.0,0.0,0
1.35,7,900000,11.41,1.67,0.0,0.0,0
1.35,7,950000,10.869,1.5904,0.0,0.0,0
1.35,7,1000000,11.205,1.6403,0.0,0.0,0
1.35,4,50000,3.082,1.35,0.3472,1.0,144
1.35,4,100000,7.935,1.4846,0.25,0.6528,94
1.35,4,150000,9.456,1.5955,0.1736,0.4792,69
1.35,4,200000,10.202,1.6553,0.1181,0.2917,42
1.35,4,250000,11.406,1.7947,0.0278,0.0833,12
1.35,4,300000,11.585,1.74,0.0,0.0,0
1.35,4,350000,11.891,1.7515,0.0,0.0,0
1.35,4,400000,11.878,1.7386,0.0,0.0,0
1.35,4,450000,11.411,1.6707,0.0,0.0,0
1.35,4,500000,11.903,1.7445,0.0,0.0,0
1.35,4,550000,11.134,1.6313,0.0,0.0,0
1.35,4,600000,11.405,1.6696,0.0,0.0,0
1.35,4,650000,11.552,1.6897,0.0,0.0,0
1.35,4,700000,11.127,1.6259,0.0,0.0,0
1.35,4,750000,11.116,1.6304,0.0,0.0,0
1.35,4,800000,10.979,1.6102,0.0,0.0,0
1.35,4,850000,11.122,1.6285,0.0,0.0,0
1.35,4,900000,11.055,1.6205,0.0,0.0,0
1.35,4,950000,11.08,1.6211,0.0,0.0,0
1.35,4,1000000,11.18,1.6381,0.0,0.0,0
1.35,6,50000,2.281,1.35,0.4444,1.0,144
1.35,6,100000,6.454,1.3761,0.25,0.8889,128
1.35,6,150000,8.301,1.4669,0.2014,0.6458,93
1.35,6,200000,10.12,1.6479,0.0833,0.3194,46
1.35,6,250000,10.65,1.7074,0.0694,0.1875,27
1.35,6,300000,11.184,1.7332,0.0208,0.125,18
1.35,6,350000,12.166,1.8067,0.0,0.0,0
1.35,6,400000,11.877,1.7454,0.0,0.0,0
1.35,6,450000,11.469,1.6797,0.0,0.0,0
1.35,6,500000,11.388,1.6688,0.0,0.0,0
1.35,6,550000,11.8,1.7271,0.0,0.0,0
1.35,6,600000,11.623,1.7009,0.0,0.0,0
1.35,6,650000,11.207,1.6399,0.0,0.0,0
1.35,6,700000,10.909,1.5936,0.0,0.0,0
1.35,6,750000,11.301,1.6515,0.0,0.0,0
1.35,6,800000,11.532,1.6873,0.0,0.0,0
1.35,6,850000,10.856,1.5884,0.0,0.0,0
1.35,6,900000,11.038,1.615,0.0,0.0,0
1.35,6,950000,11.032,1.6149,0.0,0.0,0
1.35,6,1000000,11.502,1.6862,0.0,0.0,0
1.35,0,50000,7.765,1.8082,0.375,0.5903,85
1.35,0,100000,11.985,2.3407,0.2917,0.5208,75
1.35,0,150000,11.19,2.1287,0.2361,0.4931,71
1.35,0,200000,11.448,2.0721,0.1736,0.4306,62
1.35,0,250000,11.455,1.9576,0.1389,0.3472,50
1.35,0,300000,11.501,1.8862,0.0764,0.2778,40
1.35,0,350000,11.817,1.8917,0.0139,0.1736,25
1.35,0,400000,11.936,1.88,0.0139,0.0903,13
1.35,0,450000,11.69,1.8192,0.0069,0.0972,14
1.35,0,500000,11.989,1.8454,0.0,0.0625,9
1.35,0,550000,11.971,1.8299,0.0,0.0486,7
1.35,0,600000,12.049,1.8321,0.0,0.0417,6
1.35,0,650000,11.954,1.8097,0.0,0.0486,7
1.35,0,700000,11.726,1.7704,0.0,0.0486,7
1.35,0,750000,11.668,1.7606,0.0,0.0486,7
1.35,0,800000,11.615,1.7514,0.0,0.0486,7
1.35,0,850000,11.478,1.7295,0.0,0.0486,7
1.35,0,900000,11.573,1.7373,0.0,0.0486,7
1.35,0,950000,11.414,1.7103,0.0,0.0486,7
1.35,0,1000000,11.709,1.7528,0.0,0.0486,7
1.35,1,50000,4.922,1.3537,0.3194,0.9792,141
1.35,1,100000,7.893,1.4544,0.2569,0.7014,101
1.35,1,150000,9.404,1.5803,0.1736,0.4375,63
1.35,1,200000,10.677,1.7215,0.0764,0.2153,31
1.35,1,250000,11.155,1.7567,0.0417,0.1528,22
1.35,1,300000,11.815,1.7848,0.0,0.0208,3
1.35,1,350000,11.692,1.7261,0.0,0.0,0
1.35,1,400000,11.728,1.7284,0.0,0.0,0
1.35,1,450000,11.383,1.6759,0.0,0.0,0
1.35,1,500000,11.645,1.7134,0.0,0.0,0
1.35,1,550000,11.382,1.6684,0.0,0.0,0
1.35,1,600000,11.438,1.6784,0.0,0.0,0
1.35,1,650000,11.455,1.6809,0.0,0.0,0
1.35,1,700000,11.142,1.6346,0.0,0.0,0
1.35,1,750000,11.235,1.651,0.0,0.0,0
1.35,1,800000,10.952,1.6082,0.0,0.0,0
1.35,1,850000,11.041,1.6235,0.0,0.0,0
1.35,1,900000,11.129,1.6317,0.0,0.0,0
1.35,1,950000,10.943,1.6048,0.0,0.0,0
1.35,1,1000000,11.17,1.6354,0.0,0.0,0
1.35,4,50000,3.096,1.35,0.3472,1.0,144
1.35,4,100000,7.963,1.4874,0.25,0.6458,93
1.35,4,150000,9.491,1.5996,0.1736,0.4653,67
1.35,4,200000,10.135,1.647,0.1181,0.2986,43
1.35,4,250000,11.386,1.7925,0.0278,0.0903,13
1.35,4,300000,11.553,1.7369,0.0,0.0069,1
1.35,4,350000,11.825,1.743,0.0,0.0,0
1.35,4,400000,12.062,1.7667,0.0,0.0,0
1.35,4,450000,11.79,1.7295,0.0,0.0,0
1.35,4,500000,11.619,1.7004,0.0,0.0,0
1.35,4,550000,10.85,1.5904,0.0,0.0,0
1.35,4,600000,11.1,1.6256,0.0,0.0,0
1.35,4,650000,10.917,1.597,0.0,0.0,0
1.35,4,700000,11.308,1.6559,0.0,0.0,0
1.35,4,750000,11.223,1.6458,0.0,0.0,0
1.35,4,800000,11.237,1.6505,0.0,0.0,0
1.35,4,850000,10.957,1.608,0.0,0.0,0
1.35,4,900000,10.913,1.5991,0.0,0.0,0
1.35,4,950000,10.958,1.6038,0.0,0.0,0
1.35,4,1000000,11.112,1.6257,0.0,0.0,0
1.35,2,50000,4.071,1.35,0.2847,1.0,144
1.35,2,100000,8.581,1.4936,0.1667,0.5625,81
1.35,2,150000,9.131,1.5424,0.1667,0.5,72
1.35,2,200000,10.266,1.6636,0.0903,0.2917,42
1.35,2,250000,11.625,1.8204,0.0208,0.0972,14
1.35,2,300000,11.622,1.7493,0.0,0.0,0
1.35,2,350000,11.699,1.7317,0.0,0.0,0
1.35,2,400000,11.596,1.7075,0.0,0.0,0
1.35,2,450000,11.802,1.736,0.0,0.0,0
1.35,2,500000,11.672,1.7185,0.0,0.0,0
1.35,2,550000,11.324,1.6663,0.0,0.0,0
1.35,2,600000,11.186,1.6412,0.0,0.0,0
1.35,2,650000,10.891,1.5984,0.0,0.0,0
1.35,2,700000,11.366,1.6724,0.0,0.0,0
1.35,2,750000,10.916,1.6055,0.0,0.0,0
1.35,2,800000,10.918,1.6033,0.0,0.0,0
1.35,2,850000,11.314,1.6653,0.0,0.0,0
1.35,2,900000,11.081,1.6285,0.0,0.0,0
1.35,2,950000,11.483,1.6879,0.0,0.0,0
1.35,2,1000000,10.953,1.608,0.0,0.0,0
1.35,5,50000,4.839,1.3521,0.3125,0.9861,142
1.35,5,100000,8.712,1.5372,0.2292,0.5694,82
1.35,5,150000,8.865,1.5129,0.1875,0.5556,80
1.35,5,200000,10.174,1.6514,0.125,0.3403,49
1.35,5,250000,10.711,1.6932,0.0486,0.1944,28
1.35,5,300000,12.41,1.8826,0.0069,0.0069,1
1.35,5,350000,11.736,1.7355,0.0,0.0069,1
1.35,5,400000,11.291,1.6548,0.0,0.0,0
1.35,5,450000,11.728,1.7235,0.0,0.0,0
1.35,5,500000,11.531,1.6947,0.0,0.0,0
1.35,5,550000,11.357,1.6661,0.0,0.0,0
1.35,5,600000,11.446,1.682,0.0,0.0,0
1.35,5,650000,11.393,1.6732,0.0,0.0,0
1.35,5,700000,11.199,1.6443,0.0,0.0,0
1.35,5,750000,11.282,1.6526,0.0,0.0,0
1.35,5,800000,10.981,1.6095,0.0,0.0,0
1.35,5,850000,11.002,1.614,0.0,0.0,0
1.35,5,900000,10.532,1.5426,0.0,0.0,0
1.35,5,950000,11.1,1.6317,0.0,0.0,0
1.35,5,1000000,11.301,1.6599,0.0,0.0,0
1.35,3,50000,3.705,1.35,0.3472,1.0,144
1.35,3,100000,6.502,1.3722,0.2778,0.9167,132
1.35,3,150000,9.221,1.5643,0.1806,0.4861,70
1.35,3,200000,10.703,1.7249,0.0833,0.1944,28
1.35,3,250000,10.848,1.7226,0.0694,0.1736,25
1.35,3,300000,11.303,1.7306,0.0069,0.0486,7
1.35,3,350000,11.718,1.7464,0.0,0.0,0
1.35,3,400000,11.855,1.7479,0.0,0.0,0
1.35,3,450000,11.381,1.6717,0.0,0.0,0
1.35,3,500000,11.885,1.7508,0.0,0.0,0
1.35,3,550000,11.03,1.6223,0.0,0.0,0
1.35,3,600000,11.285,1.6607,0.0,0.0,0
1.35,3,650000,11.37,1.6657,0.0,0.0,0
1.35,3,700000,10.945,1.6036,0.0,0.0,0
1.35,3,750000,11.175,1.6397,0.0,0.0,0
1.35,3,800000,10.874,1.5922,0.0,0.0,0
1.35,3,850000,10.823,1.5856,0.0,0.0,0
1.35,3,900000,11.13,1.636,0.0,0.0,0
1.35,3,950000,10.771,1.5822,0.0,0.0,0
1.35,3,1000000,11.008,1.6157,0.0,0.0,0
1.35,6,50000,2.285,1.35,0.4444,1.0,144
1.35,6,100000,6.455,1.3765,0.25,0.8889,128
1.35,6,150000,8.307,1.4671,0.1944,0.6458,93
1.35,6,200000,10.153,1.6518,0.0833,0.3056,44
1.35,6,250000,10.634,1.7058,0.0764,0.1806,26
1.35,6,300000,11.131,1.7253,0.0208,0.1319,19
1.35,6,350000,12.18,1.8091,0.0,0.0,0
1.35,6,400000,12.034,1.7688,0.0,0.0,0
1.35,6,450000,12.119,1.7776,0.0,0.0,0
1.35,6,500000,11.756,1.7246,0.0,0.0,0
1.35,6,550000,11.829,1.733,0.0,0.0,0
1.35,6,600000,11.277,1.6521,0.0,0.0,0
1.35,6,650000,11.058,1.6156,0.0,0.0,0
1.35,6,700000,11.279,1.6471,0.0,0.0,0
1.35,6,750000,11.123,1.6289,0.0,0.0,0
1.35,6,800000,11.475,1.6832,0.0,0.0,0
1.35,6,850000,10.832,1.5872,0.0,0.0,0
1.35,6,900000,11.226,1.6444,0.0,0.0,0
1.35,6,950000,11.038,1.6162,0.0,0.0,0
1.35,6,1000000,11.018,1.6148,0.0,0.0,0
1.35,7,50000,4.013,1.35,0.2778,1.0,144
1.35,7,100000,6.477,1.3921,0.2986,0.8333,120
1.35,7,150000,8.402,1.4781,0.2153,0.6111,88
1.35,7,200000,9.794,1.5977,0.1319,0.3889,56
1.35,7,250000,11.006,1.7146,0.0347,0.1667,24
1.35,7,300000,11.122,1.6665,0.0069,0.0833,12
1.35,7,350000,11.963,1.7758,0.0,0.0069,1
1.35,7,400000,11.551,1.7046,0.0,0.0,0
1.35,7,450000,11.642,1.7149,0.0,0.0,0
1.35,7,500000,11.666,1.7132,0.0,0.0,0
1.35,7,550000,11.146,1.6409,0.0,0.0,0
1.35,7,600000,11.161,1.637,0.0,0.0,0
1.35,7,650000,11.121,1.6403,0.0,0.0,0
1.35,7,700000,10.95,1.61,0.0,0.0,0
1.35,7,750000,10.866,1.5928,0.0,0.0,0
1.35,7,800000,11.361,1.67,0.0,0.0,0
1.35,7,850000,11.149,1.6341,0.0,0.0,0
1.35,7,900000,11.182,1.635,0.0,0.0,0
1.35,7,950000,10.86,1.5917,0.0,0.0,0
1.35,7,1000000,10.726,1.5756,0.0,0.0,0
1.35,0,50000,7.682,1.7964,0.375,0.5903,85
1.35,0,100000,11.988,2.3459,0.2917,0.5208,75
1.35,0,150000,11.253,2.1406,0.2361,0.5069,73
1.35,0,200000,11.483,2.084,0.1736,0.4306,62
1.35,0,250000,11.522,1.9704,0.1389,0.3472,50
1.35,0,300000,11.518,1.8929,0.0833,0.2778,40
1.35,0,350000,11.791,1.8897,0.0139,0.1806,26
1.35,0,400000,12.016,1.8939,0.0139,0.0903,13
1.35,0,450000,11.668,1.8174,0.0069,0.1111,16
1.35,0,500000,12.168,1.8744,0.0,0.0556,8
1.35,0,550000,11.697,1.7893,0.0069,0.0625,9
1.35,0,600000,11.432,1.7415,0.0139,0.0764,11
1.35,0,650000,11.77,1.7838,0.0,0.0556,8
1.35,0,700000,11.698,1.7657,0.0,0.0486,7
1.35,0,750000,11.877,1.7849,0.0,0.0486,7
1.35,0,800000,11.112,1.6756,0.0069,0.0556,8
1.35,0,850000,11.724,1.7577,0.0,0.0486,7
1.35,0,900000,11.803,1.7624,0.0,0.0417,6
1.35,0,950000,11.378,1.7027,0.0,0.0486,7
1.35,0,1000000,11.552,1.7268,0.0,0.0486,7
1.35,1,50000,4.89,1.3534,0.3194,0.9792,141
1.35,1,100000,7.869,1.4535,0.2569,0.7083,102
1.35,1,150000,9.364,1.5768,0.1736,0.4583,66
1.35,1,200000,10.632,1.7154,0.0833,0.2222,32
1.35,1,250000,11.131,1.7549,0.0486,0.1667,24
1.35,1,300000,11.827,1.7884,0.0,0.0278,4
1.35,1,350000,11.741,1.7342,0.0,0.0,0
1.35,1,400000,11.779,1.7358,0.0,0.0,0
1.35,1,450000,11.662,1.7169,0.0,0.0,0
1.35,1,500000,11.311,1.6623,0.0,0.0,0
1.35,1,550000,11.225,1.6456,0.0,0.0,0
1.35,1,600000,11.576,1.7009,0.0,0.0,0
1.35,1,650000,11.175,1.6395,0.0,0.0,0
1.35,1,700000,10.861,1.5916,0.0,0.0,0
1.35,1,750000,10.961,1.6093,0.0,0.0,0
1.35,1,800000,10.944,1.6067,0.0,0.0,0
1.35,1,850000,11.494,1.692,0.0,0.0,0
1.35,1,900000,11.103,1.629,0.0,0.0,0
1.35,1,950000,10.61,1.5528,0.0,0.0,0
1.35,1,1000000,10.97,1.6081,0.0,0.0,0
1.35,2,50000,4.051,1.35,0.2778,1.0,144
1.35,2,100000,8.565,1.4923,0.1736,0.5625,81
1.35,2,150000,9.088,1.538,0.1667,0.5069,73
1.35,2,200000,10.212,1.6572,0.0972,0.2986,43
1.35,2,250000,11.572,1.8135,0.0208,0.1042,15
1.35,2,300000,11.74,1.7688,0.0,0.0069,1
1.35,2,350000,12.002,1.777,0.0,0.0,0
1.35,2,400000,11.611,1.7096,0.0,0.0,0
1.35,2,450000,12.079,1.7756,0.0,0.0,0
1.35,2,500000,11.536,1.6988,0.0,0.0,0
1.35,2,550000,11.263,1.6532,0.0,0.0,0
1.35,2,600000,11.069,1.6273,0.0,0.0,0
1.35,2,650000,11.005,1.6164,0.0,0.0,0
1.35,2,700000,11.158,1.6362,0.0,0.0,0
1.35,2,750000,11.084,1.6273,0.0,0.0,0
1.35,2,800000,11.393,1.6705,0.0,0.0,0
1.35,2,850000,11.36,1.6703,0.0,0.0,0
1.35,2,900000,11.159,1.6398,0.0,0.0,0
1.35,2,950000,11.261,1.6545,0.0,0.0,0
1.35,2,1000000,11.047,1.6187,0.0,0.0,0
1.35,3,50000,3.62,1.35,0.3403,1.0,144
1.35,3,100000,6.495,1.3721,0.2708,0.9167,132
1.35,3,150000,9.22,1.5653,0.1736,0.4792,69
1.35,3,200000,10.634,1.7158,0.0833,0.2083,30
1.35,3,250000,10.855,1.7253,0.0694,0.1806,26
1.35,3,300000,11.247,1.7264,0.0208,0.0625,9
1.35,3,350000,11.869,1.7701,0.0,0.0,0
1.35,3,400000,11.714,1.7255,0.0,0.0,0
1.35,3,450000,11.746,1.7249,0.0,0.0,0
1.35,3,500000,11.57,1.705,0.0,0.0,0
1.35,3,550000,11.271,1.6606,0.0,0.0,0
1.35,3,600000,11.148,1.6383,0.0,0.0,0
1.35,3,650000,11.059,1.6187,0.0,0.0,0
1.35,3,700000,10.926,1.5992,0.0,0.0,0
1.35,3,750000,11.014,1.6147,0.0,0.0,0
1.35,3,800000,10.606,1.5547,0.0,0.0,0
1.35,3,850000,10.921,1.6016,0.0,0.0,0
1.35,3,900000,11.075,1.6256,0.0,0.0,0
1.35,3,950000,11.043,1.6196,0.0,0.0,0
1.35,3,1000000,11.084,1.6237,0.0,0.0,0
1.35,4,50000,3.066,1.35,0.3472,1.0,144
1.35,4,100000,7.913,1.4854,0.25,0.6458,93
1.35,4,150000,9.35,1.5847,0.1806,0.4861,70
1.35,4,200000,10.193,1.6544,0.1181,0.2917,42
1.35,4,250000,11.326,1.7852,0.0347,0.0903,13
1.35,4,300000,11.521,1.7343,0.0,0.0069,1
1.35,4,350000,11.837,1.7443,0.0,0.0,0
1.35,4,400000,12.137,1.7771,0.0,0.0,0
1.35,4,450000,11.779,1.7271,0.0,0.0,0
1.35,4,500000,11.94,1.7483,0.0,0.0,0
1.35,4,550000,11.398,1.6717,0.0,0.0,0
1.35,4,600000,11.372,1.6647,0.0,0.0,0
1.35,4,650000,10.846,1.5863,0.0,0.0,0
1.35,4,700000,11.471,1.6796,0.0,0.0,0
1.35,4,750000,11.064,1.6225,0.0,0.0,0
1.35,4,800000,11.325,1.6653,0.0,0.0,0
1.35,4,850000,11.214,1.6456,0.0,0.0,0
1.35,4,900000,11.124,1.6329,0.0,0.0,0
1.35,4,950000,10.925,1.6023,0.0,0.0,0
1.35,4,1000000,10.781,1.5832,0.0,0.0,0
1.35,5,50000,4.828,1.352,0.3125,0.9861,142
1.35,5,100000,8.702,1.5375,0.2292,0.5764,83
1.35,5,150000,8.728,1.5009,0.1944,0.5694,82
1.35,5,200000,10.152,1.6493,0.1389,0.3542,51
1.35,5,250000,10.592,1.6772,0.0556,0.2361,34
1.35,5,300000,12.36,1.876,0.0069,0.0069,1
1.35,5,350000,11.546,1.7069,0.0,0.0069,1
1.35,5,400000,11.287,1.6545,0.0,0.0,0
1.35,5,450000,11.921,1.7515,0.0,0.0,0
1.35,5,500000,11.536,1.6973,0.0,0.0,0
1.35,5,550000,11.539,1.6914,0.0,0.0,0
1.35,5,600000,11.621,1.708,0.0,0.0,0
1.35,5,650000,11.168,1.6409,0.0,0.0,0
1.35,5,700000,11.301,1.6603,0.0,0.0,0
1.35,5,750000,11.238,1.644,0.0,0.0,0
1.35,5,800000,11.113,1.6282,0.0,0.0,0
1.35,5,850000,10.994,1.6113,0.0,0.0,0
1.35,5,900000,11.003,1.6111,0.0,0.0,0
1.35,5,950000,10.974,1.6075,0.0,0.0,0
1.35,5,1000000,10.936,1.6023,0.0,0.0,0
1.35,0,50000,7.624,1.7883,0.375,0.5972,86
1.35,0,100000,12.024,2.3556,0.2917,0.5208,75
1.35,0,150000,11.251,2.1445,0.2292,0.5139,74
1.35,0,200000,11.516,2.0947,0.1736,0.4375,63
1.35,0,250000,11.508,1.9797,0.1389,0.3472,50
1.35,0,300000,11.489,1.8962,0.0833,0.3056,44
1.35,0,350000,11.797,1.8943,0.0417,0.1944,28
1.35,0,400000,11.984,1.8915,0.0139,0.0903,13
1.35,0,450000,11.779,1.8364,0.0069,0.1042,15
1.35,0,500000,12.146,1.872,0.0,0.0625,9
1.35,0,550000,11.813,1.8071,0.0069,0.0625,9
1.35,0,600000,11.736,1.7869,0.0,0.0625,9
1.35,0,650000,11.703,1.7781,0.0,0.0556,8
1.35,0,700000,11.468,1.7357,0.0,0.0556,8
1.35,0,750000,11.393,1.724,0.0,0.0556,8
1.35,0,800000,11.225,1.6981,0.0069,0.0556,8
1.35,0,850000,11.624,1.7482,0.0,0.0486,7
1.35,0,900000,11.291,1.6967,0.0069,0.0556,8
1.35,0,950000,11.284,1.6922,0.0,0.0486,7
1.35,0,1000000,11.216,1.6868,0.0069,0.0486,7
1.35,7,50000,4.033,1.35,0.2778,1.0,144
1.35,7,100000,6.423,1.3906,0.2986,0.8403,121
1.35,7,150000,8.374,1.4763,0.2153,0.5972,86
1.35,7,200000,9.808,1.5999,0.1319,0.3819,55
1.35,7,250000,10.986,1.7126,0.0417,0.1597,23
1.35,7,300000,11.007,1.6508,0.0208,0.0833,12
1.35,7,350000,11.832,1.7559,0.0,0.0069,1
1.35,7,400000,11.58,1.709,0.0,0.0,0
1.35,7,450000,11.546,1.7015,0.0,0.0,0
1.35,7,500000,11.384,1.6737,0.0,0.0,0
1.35,7,550000,11.44,1.6829,0.0,0.0,0
1.35,7,600000,11.273,1.6556,0.0,0.0,0
1.35,7,650000,11.059,1.6245,0.0,0.0,0
1.35,7,700000,11.297,1.6571,0.0,0.0,0
1.35,7,750000,11.336,1.6601,0.0,0.0,0
1.35,7,800000,11.332,1.6618,0.0,0.0,0
1.35,7,850000,11.232,1.6407,0.0,0.0,0
1.35,7,900000,11.613,1.6965,0.0,0.0,0
1.35,7,950000,10.696,1.5656,0.0,0.0,0
1.35,7,1000000,10.935,1.6002,0.0,0.0,0
1.35,6,50000,2.272,1.35,0.4375,1.0,144
1.35,6,100000,6.355,1.3735,0.2639,0.8889,128
1.35,6,150000,8.251,1.463,0.2014,0.6528,94
1.35,6,200000,10.126,1.6485,0.0903,0.3056,44
1.35,6,250000,10.635,1.707,0.0764,0.1806,26
1.35,6,300000,11.108,1.7241,0.0208,0.1319,19
1.35,6,350000,12.237,1.8184,0.0,0.0,0
1.35,6,400000,11.843,1.7402,0.0,0.0,0
1.35,6,450000,11.333,1.6591,0.0,0.0,0
1.35,6,500000,11.609,1.7005,0.0,0.0,0
1.35,6,550000,11.822,1.7324,0.0,0.0,0
1.35,6,600000,11.341,1.6614,0.0,0.0,0
1.35,6,650000,11.039,1.6151,0.0,0.0,0
1.35,6,700000,11.23,1.6402,0.0,0.0,0
1.35,6,750000,11.052,1.6175,0.0,0.0,0
1.35,6,800000,11.483,1.6834,0.0,0.0,0
1.35,6,850000,11.507,1.6856,0.0,0.0,0
1.35,6,900000,11.095,1.6216,0.0,0.0,0
1.35,6,950000,11.595,1.6985,0.0,0.0,0
1.35,6,1000000,11.096,1.6243,0.0,0.0,0
1.35,2,50000,3.971,1.35,0.2778,1.0,144
1.35,2,100000,8.501,1.4879,0.1736,0.5764,83
1.35,2,150000,9.001,1.5305,0.1667,0.5208,75
1.35,2,200000,10.2,1.6567,0.1111,0.3056,44
1.35,2,250000,11.425,1.7962,0.0347,0.1389,20
1.35,2,300000,11.748,1.7768,0.0,0.0069,1
1.35,2,350000,11.806,1.7469,0.0,0.0,0
1.35,2,400000,12.087,1.7816,0.0,0.0,0
1.35,2,450000,11.614,1.7068,0.0,0.0,0
1.35,2,500000,12.171,1.7913,0.0,0.0,0
1.35,2,550000,11.287,1.6599,0.0,0.0,0
1.35,2,600000,11.171,1.6434,0.0,0.0,0
1.35,2,650000,10.93,1.6053,0.0,0.0,0
1.35,2,700000,10.871,1.5998,0.0,0.0,0
1.35,2,750000,11.151,1.64,0.0,0.0,0
1.35,2,800000,11.358,1.6688,0.0,0.0,0
1.35,2,850000,11.187,1.6436,0.0,0.0,0
1.35,2,900000,11.467,1.6881,0.0,0.0,0
1.35,2,950000,11.126,1.6344,0.0,0.0,0
1.35,2,1000000,10.771,1.5795,0.0,0.0,0
1.35,1,50000,4.804,1.3529,0.3125,0.9861,142
1.35,1,100000,7.742,1.4487,0.2569,0.7083,102
1.35,1,150000,9.3,1.5721,0.1736,0.5,72
1.35,1,200000,10.6,1.7116,0.0833,0.25,36
1.35,1,250000,11.039,1.7469,0.0625,0.2153,31
1.35,1,300000,11.8,1.7929,0.0,0.0556,8
1.35,1,350000,11.854,1.7536,0.0,0.0,0
1.35,1,400000,11.71,1.7252,0.0,0.0,0
1.35,1,450000,11.747,1.7285,0.0,0.0,0
1.35,1,500000,11.346,1.6694,0.0,0.0,0
1.35,1,550000,11.57,1.6988,0.0,0.0,0
1.35,1,600000,11.161,1.6387,0.0,0.0,0
1.35,1,650000,11.207,1.6438,0.0,0.0,0
1.35,1,700000,11.07,1.6284,0.0,0.0,0
1.35,1,750000,11.077,1.6279,0.0,0.0,0
1.35,1,800000,10.73,1.5757,0.0,0.0,0
1.35,1,850000,11.173,1.6423,0.0,0.0,0
1.35,1,900000,11.009,1.6148,0.0,0.0,0
1.35,1,950000,11.1,1.6261,0.0,0.0,0
1.35,1,1000000,11.019,1.6121,0.0,0.0,0
1.35,3,50000,3.525,1.35,0.3403,1.0,144
1.35,3,100000,6.381,1.3696,0.2847,0.9306,134
1.35,3,150000,9.146,1.5607,0.1944,0.5,72
1.35,3,200000,10.527,1.7008,0.0903,0.2083,30
1.35,3,250000,10.93,1.7367,0.0625,0.1875,27
1.35,3,300000,11.28,1.7327,0.0208,0.0694,10
1.35,3,350000,12.373,1.8459,0.0,0.0,0
1.35,3,400000,11.767,1.7338,0.0,0.0,0
1.35,3,450000,11.519,1.6914,0.0,0.0,0
1.35,3,500000,11.688,1.7204,0.0,0.0,0
1.35,3,550000,11.457,1.6839,0.0,0.0,0
1.35,3,600000,11.288,1.6582,0.0,0.0,0
1.35,3,650000,11.369,1.6658,0.0,0.0,0
1.35,3,700000,10.919,1.5973,0.0,0.0,0
1.35,3,750000,11.179,1.6383,0.0,0.0,0
1.35,3,800000,11.1,1.625,0.0,0.0,0
1.35,3,850000,11.21,1.6397,0.0,0.0,0
1.35,3,900000,11.47,1.6824,0.0,0.0,0
1.35,3,950000,10.823,1.5843,0.0,0.0,0
1.35,3,1000000,10.774,1.5772,0.0,0.0,0
1.35,0,50000,7.377,1.7543,0.3958,0.6111,88
1.35,0,100000,12.201,2.4054,0.2847,0.5139,74
1.35,0,150000,11.288,2.1735,0.2431,0.5139,74
1.35,0,200000,11.648,2.1338,0.1736,0.4583,66
1.35,0,250000,11.839,2.0608,0.1458,0.3611,52
1.35,0,300000,11.639,1.9517,0.0972,0.3194,46
1.35,0,350000,11.971,1.9414,0.0417,0.25,36
1.35,0,400000,12.166,1.9301,0.0139,0.125,18
1.35,0,450000,11.838,1.8604,0.0139,0.1042,15
1.35,0,500000,12.053,1.8682,0.0,0.0625,9
1.35,0,550000,12.012,1.8426,0.0,0.0625,9
1.35,0,600000,11.831,1.8058,0.0,0.0625,9
1.35,0,650000,11.715,1.7833,0.0,0.0694,10
1.35,0,700000,11.667,1.7669,0.0,0.0556,8
1.35,0,750000,11.537,1.7459,0.0,0.0556,8
1.35,0,800000,11.861,1.7916,0.0,0.0486,7
1.35,0,850000,11.784,1.7703,0.0,0.0417,6
1.35,0,900000,11.805,1.7699,0.0,0.0417,6
1.35,0,950000,11.441,1.7114,0.0,0.0417,6
1.35,0,1000000,11.846,1.7715,0.0,0.0417,6
1.35,5,50000,4.687,1.3515,0.3125,0.9861,142
1.35,5,100000,8.706,1.5435,0.2361,0.5833,84
1.35,5,150000,8.614,1.491,0.2014,0.5764,83
1.35,5,200000,9.999,1.6336,0.1458,0.375,54
1.35,5,250000,10.542,1.6739,0.0486,0.25,36
1.35,5,300000,12.171,1.8515,0.0069,0.0139,2
1.35,5,350000,11.629,1.7212,0.0,0.0,0
1.35,5,400000,11.589,1.6948,0.0,0.0,0
1.35,5,450000,11.832,1.7362,0.0,0.0,0
1.35,5,500000,11.435,1.6801,0.0,0.0,0
1.35,5,550000,11.421,1.6732,0.0,0.0,0
1.35,5,600000,11.548,1.6934,0.0,0.0,0
1.35,5,650000,11.294,1.6568,0.0,0.0,0
1.35,5,700000,10.815,1.5858,0.0,0.0,0
1.35,5,750000,10.832,1.5851,0.0,0.0,0
1.35,5,800000,11.165,1.6356,0.0,0.0,0
1.35,5,850000,11.039,1.62,0.0,0.0,0
1.35,5,900000,11.262,1.6516,0.0,0.0,0
1.35,5,950000,11.341,1.6695,0.0,0.0,0
1.35,5,1000000,10.779,1.5819,0.0,0.0,0
1.35,4,50000,2.861,1.35,0.3403,1.0,144
1.35,4,100000,7.781,1.4806,0.2569,0.6528,94
1.35,4,150000,9.248,1.5771,0.2083,0.5,72
1.35,4,200000,10.123,1.6457,0.125,0.3056,44
1.35,4,250000,11.289,1.7841,0.0417,0.1181,17
1.35,4,300000,11.249,1.7043,0.0139,0.0417,6
1.35,4,350000,11.718,1.7286,0.0,0.0,0
1.35,4,400000,12.115,1.7756,0.0,0.0,0
1.35,4,450000,11.805,1.73,0.0,0.0,0
1.35,4,500000,11.594,1.6968,0.0,0.0,0
1.35,4,550000,11.086,1.6229,0.0,0.0,0
1.35,4,600000,11.703,1.7123,0.0,0.0,0
1.35,4,650000,11.506,1.6812,0.0,0.0,0
1.35,4,700000,11.236,1.6417,0.0,0.0,0
1.35,4,750000,10.987,1.6078,0.0,0.0,0
1.35,4,800000,10.825,1.5903,0.0,0.0,0
1.35,4,850000,11.164,1.636,0.0,0.0,0
1.35,4,900000,11.186,1.638,0.0,0.0,0
1.35,4,950000,11.068,1.6213,0.0,0.0,0
1.35,4,1000000,11.08,1.6211,0.0,0.0,0
1.35,6,50000,2.163,1.35,0.4306,1.0,144
1.35,6,100000,6.175,1.3693,0.2778,0.9167,132
1.35,6,150000,8.105,1.4532,0.2222,0.6667,96
1.35,6,200000,10.08,1.6424,0.0903,0.3125,45
1.35,6,250000,10.635,1.709,0.0764,0.2014,29
1.35,6,300000,11.168,1.7386,0.0278,0.1319,19
1.35,6,350000,12.124,1.8052,0.0,0.0,0
1.35,6,400000,12.036,1.7699,0.0,0.0,0
1.35,6,450000,11.459,1.6778,0.0,0.0,0
1.35,6,500000,11.816,1.7309,0.0,0.0,0
1.35,6,550000,11.649,1.7053,0.0,0.0,0
1.35,6,600000,11.952,1.7509,0.0,0.0,0
1.35,6,650000,11.295,1.6534,0.0,0.0,0
1.35,6,700000,11.22,1.6391,0.0,0.0,0
1.35,6,750000,10.928,1.5972,0.0,0.0,0
1.35,6,800000,11.422,1.6726,0.0,0.0,0
1.35,6,850000,11.096,1.6266,0.0,0.0,0
1.35,6,900000,10.729,1.5725,0.0,0.0,0
1.35,6,950000,11.146,1.6354,0.0,0.0,0
1.35,6,1000000,11.344,1.6616,0.0,0.0,0
1.35,7,50000,3.945,1.35,0.2778,1.0,144
1.35,7,100000,6.308,1.3889,0.2986,0.8611,124
1.35,7,150000,8.282,1.4696,0.2292,0.6111,88
1.35,7,200000,9.721,1.5922,0.1319,0.3889,56
1.35,7,250000,10.803,1.6902,0.0486,0.1806,26
1.35,7,300000,11.051,1.6608,0.0069,0.0903,13
1.35,7,350000,11.873,1.7622,0.0069,0.0069,1
1.35,7,400000,11.524,1.7012,0.0,0.0,0
1.35,7,450000,11.606,1.7114,0.0,0.0,0
1.35,7,500000,11.829,1.7397,0.0,0.0,0
1.35,7,550000,11.139,1.6398,0.0,0.0,0
1.35,7,600000,11.077,1.6251,0.0,0.0,0
1.35,7,650000,11.286,1.6595,0.0,0.0,0
1.35,7,700000,11.205,1.6459,0.0,0.0,0
1.35,7,750000,11.129,1.6291,0.0,0.0,0
1.35,7,800000,11.134,1.6349,0.0,0.0,0
1.35,7,850000,11.279,1.651,0.0,0.0,0
1.35,7,900000,11.229,1.6457,0.0,0.0,0
1.35,7,950000,11.009,1.6143,0.0,0.0,0
1.35,7,1000000,11.036,1.6203,0.0,0.0,0
1.35,1,50000,4.453,1.3511,0.3194,0.9861,142
1.35,1,100000,7.452,1.4435,0.2639,0.7222,104
1.35,1,150000,8.948,1.5467,0.2222,0.5486,79
1.35,1,200000,10.202,1.6664,0.1181,0.3403,49
1.35,1,250000,11.093,1.7714,0.0764,0.2014,29
1.35,1,300000,11.831,1.832,0.0278,0.1319,19
1.35,1,350000,11.633,1.7365,0.0069,0.0278,4
1.35,1,400000,11.724,1.7267,0.0,0.0,0
1.35,1,450000,11.854,1.7365,0.0,0.0,0
1.35,1,500000,12.16,1.7877,0.0,0.0,0
1.35,1,550000,11.478,1.6831,0.0,0.0,0
1.35,1,600000,11.562,1.6993,0.0,0.0,0
1.35,1,650000,11.544,1.6997,0.0,0.0,0
1.35,1,700000,11.356,1.669,0.0,0.0,0
1.35,1,750000,11.52,1.6955,0.0,0.0,0
1.35,1,800000,11.363,1.6675,0.0,0.0,0
1.35,1,850000,11.215,1.6484,0.0,0.0,0
1.35,1,900000,11.316,1.6587,0.0,0.0,0
1.35,1,950000,10.777,1.5766,0.0,0.0,0
1.35,1,1000000,11.259,1.6484,0.0,0.0,0
1.35,2,50000,3.652,1.35,0.2847,1.0,144
1.35,2,100000,8.147,1.4633,0.2292,0.6389,92
1.35,2,150000,8.574,1.4971,0.2222,0.5903,85
1.35,2,200000,10.022,1.6351,0.125,0.3333,48
1.35,2,250000,11.125,1.7618,0.0486,0.1528,22
1.35,2,300000,11.347,1.7404,0.0069,0.1042,15
1.35,2,350000,11.779,1.747,0.0,0.0,0
1.35,2,400000,12.233,1.8015,0.0,0.0,0
1.35,2,450000,12.373,1.8172,0.0,0.0,0
1.35,2,500000,11.866,1.7464,0.0,0.0,0
1.35,2,550000,11.503,1.6944,0.0,0.0,0
1.35,2,600000,11.588,1.706,0.0,0.0,0
1.35,2,650000,11.11,1.6346,0.0,0.0,0
1.35,2,700000,11.59,1.7081,0.0,0.0,0
1.35,2,750000,10.973,1.6171,0.0,0.0,0
1.35,2,800000,11.587,1.7042,0.0,0.0,0
1.35,2,850000,11.276,1.6598,0.0,0.0,0
1.35,2,900000,10.823,1.5904,0.0,0.0,0
1.35,2,950000,11.15,1.6383,0.0,0.0,0
1.35,2,1000000,10.636,1.5633,0.0,0.0,0
1.35,4,50000,2.507,1.35,0.3403,1.0,144
1.35,4,100000,7.352,1.468,0.2917,0.7153,103
1.35,4,150000,9.016,1.5658,0.2361,0.5208,75
1.35,4,200000,9.755,1.6066,0.1458,0.3889,56
1.35,4,250000,11.134,1.7714,0.0417,0.2014,29
1.35,4,300000,10.776,1.6775,0.0556,0.1875,27
1.35,4,350000,11.687,1.7363,0.0,0.0069,1
1.35,4,400000,11.871,1.7424,0.0,0.0,0
1.35,4,450000,11.45,1.6814,0.0,0.0,0
1.35,4,500000,11.612,1.7024,0.0,0.0,0
1.35,4,550000,11.745,1.7207,0.0,0.0,0
1.35,4,600000,11.374,1.6644,0.0,0.0,0
1.35,4,650000,11.644,1.709,0.0,0.0,0
1.35,4,700000,11.202,1.6402,0.0,0.0,0
1.35,4,750000,10.854,1.5951,0.0,0.0,0
1.35,4,800000,11.033,1.6245,0.0,0.0,0
1.35,4,850000,11.754,1.7288,0.0,0.0,0
1.35,4,900000,11.129,1.6325,0.0,0.0,0
1.35,4,950000,11.192,1.639,0.0,0.0,0
1.35,4,1000000,11.219,1.6417,0.0,0.0,0
1.35,3,50000,3.194,1.35,0.3264,1.0,144
1.35,3,100000,5.919,1.3629,0.2917,0.9514,137
1.35,3,150000,8.937,1.5494,0.2222,0.5208,75
1.35,3,200000,10.337,1.6771,0.0903,0.2917,42
1.35,3,250000,10.803,1.7264,0.0694,0.2292,33
1.35,3,300000,10.934,1.7052,0.0417,0.1319,19
1.35,3,350000,11.798,1.7706,0.0,0.0347,5
1.35,3,400000,12.092,1.7771,0.0,0.0,0
1.35,3,450000,11.765,1.7264,0.0,0.0,0
1.35,3,500000,11.988,1.7676,0.0,0.0,0
1.35,3,550000,11.461,1.6856,0.0,0.0,0
1.35,3,600000,11.54,1.6956,0.0,0.0,0
1.35,3,650000,12.022,1.7639,0.0,0.0,0
1.35,3,700000,11.39,1.675,0.0,0.0,0
1.35,3,750000,11.247,1.6533,0.0,0.0,0
1.35,3,800000,10.969,1.6157,0.0,0.0,0
1.35,3,850000,10.755,1.5793,0.0,0.0,0
1.35,3,900000,10.815,1.5935,0.0,0.0,0
1.35,3,950000,10.957,1.6086,0.0,0.0,0
1.35,3,1000000,11.036,1.6226,0.0,0.0,0
1.35,6,50000,1.9,1.35,0.4306,1.0,144
1.35,6,100000,5.418,1.3598,0.2847,0.9583,138
1.35,6,150000,7.497,1.4164,0.25,0.7569,109
1.35,6,200000,9.93,1.6248,0.1181,0.3542,51
1.35,6,250000,10.391,1.6792,0.0972,0.2708,39
1.35,6,300000,10.969,1.7339,0.0278,0.1597,23
1.35,6,350000,11.785,1.7802,0.0,0.0,0
1.35,6,400000,12.042,1.7745,0.0,0.0,0
1.35,6,450000,11.474,1.6807,0.0,0.0,0
1.35,6,500000,11.882,1.7415,0.0,0.0,0
1.35,6,550000,11.944,1.7502,0.0,0.0,0
1.35,6,600000,11.487,1.6854,0.0,0.0,0
1.35,6,650000,11.41,1.6663,0.0,0.0,0
1.35,6,700000,11.287,1.6473,0.0,0.0,0
1.35,6,750000,11.059,1.616,0.0,0.0,0
1.35,6,800000,11.522,1.6883,0.0,0.0,0
1.35,6,850000,11.284,1.6567,0.0,0.0,0
1.35,6,900000,11.147,1.6349,0.0,0.0,0
1.35,6,950000,11.066,1.6212,0.0,0.0,0
1.35,6,1000000,11.457,1.6811,0.0,0.0,0
1.35,5,50000,4.276,1.3502,0.3264,0.9931,143
1.35,5,100000,8.469,1.5431,0.25,0.6111,88
1.35,5,150000,8.213,1.4586,0.2222,0.6528,94
1.35,5,200000,9.685,1.6031,0.1736,0.4444,64
1.35,5,250000,10.272,1.6521,0.0625,0.2778,40
1.35,5,300000,11.679,1.797,0.0278,0.0972,14
1.35,5,350000,11.544,1.7167,0.0,0.0417,6
1.35,5,400000,11.656,1.7024,0.0,0.0139,2
1.35,5,450000,11.696,1.7125,0.0,0.0,0
1.35,5,500000,11.976,1.7515,0.0,0.0,0
1.35,5,550000,11.708,1.7124,0.0,0.0,0
1.35,5,600000,11.712,1.7167,0.0,0.0,0
1.35,5,650000,10.921,1.6019,0.0,0.0,0
1.35,5,700000,11.769,1.7262,0.0,0.0,0
1.35,5,750000,11.298,1.6517,0.0,0.0,0
1.35,5,800000,11.235,1.645,0.0,0.0,0
1.35,5,850000,11.187,1.6414,0.0,0.0,0
1.35,5,900000,10.896,1.5949,0.0,0.0,0
1.35,5,950000,11.146,1.6365,0.0,0.0,0
1.35,5,1000000,10.927,1.5996,0.0,0.0,0
1.35,7,50000,3.596,1.35,0.2847,1.0,144
1.35,7,100000,5.819,1.3798,0.2986,0.8681,125
1.35,7,150000,7.691,1.4321,0.2639,0.7569,109
1.35,7,200000,9.332,1.5551,0.1667,0.4444,64
1.35,7,250000,10.418,1.6544,0.0764,0.2847,41
1.35,7,300000,11.044,1.6701,0.0,0.1597,23
1.35,7,350000,12.025,1.7858,0.0,0.0417,6
1.35,7,400000,12.035,1.7776,0.0,0.0,0
1.35,7,450000,11.665,1.7182,0.0,0.0,0
1.35,7,500000,12.226,1.7965,0.0,0.0,0
1.35,7,550000,11.894,1.7492,0.0,0.0,0
1.35,7,600000,11.329,1.6627,0.0,0.0,0
1.35,7,650000,11.654,1.7134,0.0,0.0,0
1.35,7,700000,11.558,1.6953,0.0,0.0,0
1.35,7,750000,11.591,1.6983,0.0,0.0,0
1.35,7,800000,11.178,1.6411,0.0,0.0,0
1.35,7,850000,11.302,1.6564,0.0,0.0,0
1.35,7,900000,11.054,1.615,0.0,0.0,0
1.35,7,950000,10.98,1.6092,0.0,0.0,0
1.35,7,1000000,11.187,1.6407,0.0,0.0,0
1.35,0,50000,6.824,1.6814,0.4167,0.6319,91
1.35,0,100000,12.641,2.5271,0.2986,0.5139,74
1.35,0,150000,11.568,2.2924,0.25,0.5139,74
1.35,0,200000,11.739,2.2494,0.1597,0.4792,69
1.35,0,250000,12.422,2.2547,0.1458,0.4375,63
1.35,0,300000,13.032,2.2821,0.1181,0.4028,58
1.35,0,350000,13.315,2.2812,0.0903,0.3958,57
1.35,0,400000,14.02,2.3335,0.0972,0.3264,47
1.35,0,450000,13.645,2.2101,0.0486,0.2847,41
1.35,0,500000,14.333,2.2681,0.0278,0.1736,25
1.35,0,550000,15.086,2.3917,0.0139,0.1458,21
1.35,0,600000,14.864,2.3553,0.0139,0.1181,17
1.35,0,650000,14.877,2.341,0.0069,0.0903,13
1.35,0,700000,13.824,2.1735,0.0139,0.0764,11
1.35,0,750000,14.131,2.2086,0.0,0.0764,11
1.35,0,800000,14.095,2.1943,0.0,0.0556,8
1.35,0,850000,13.082,2.0412,0.0069,0.0764,11
1.35,0,900000,13.419,2.0862,0.0,0.0556,8
1.35,0,950000,13.566,2.101,0.0,0.0486,7
1.35,0,1000000,13.052,2.0202,0.0,0.0833,12
